Day,subject,sex,Outcome,CSPair,CS_name,Period,MagEntries,MagDuration
5,1_____,F,O1,AB,A_O1,CS,4.5,2.8849999999999874
5,1_____,F,O1,AB,A_O1,Post,0.75,0.7150000000000603
5,1_____,F,O1,AB,A_O1,Pre,0.5,0.3999999999999986
5,1_____,F,O1,AB,A_O1,CSPre,4,2.4849999999999888
5,1_____,F,O1,AXBY,AX_,CS,1.125,0.6274999999999837
5,1_____,F,O1,AXBY,AX_,Post,1,0.8374999999999205
5,1_____,F,O1,AXBY,AX_,Pre,0.125,0.2000000000000029
5,1_____,F,O1,AXBY,AX_,CSPre,1,0.42749999999998084
5,1_____,F,O2,AB,B_O2,CS,1.25,2.2949999999999307
5,1_____,F,O2,AB,B_O2,Post,3,1.6450000000000107
5,1_____,F,O2,AB,B_O2,Pre,0,0.27499999999997726
5,1_____,F,O2,AB,B_O2,CSPre,1.25,2.0199999999999534
5,1_____,F,O2,AXBY,BY_,CS,0.125,0.03749999999999438
5,1_____,F,O2,AXBY,BY_,Post,1,0.7950000000000018
5,1_____,F,O2,AXBY,BY_,Pre,0.375,0.1400000000000148
5,1_____,F,O2,AXBY,BY_,CSPre,-0.25,-0.10250000000002044
5,2_____,F,O1,AB,A_O1,CS,1.5,1.8149999999999977
5,2_____,F,O1,AB,A_O1,Post,1.5,0.1700000000000157
5,2_____,F,O1,AB,A_O1,Pre,0.5,0.8199999999999932
5,2_____,F,O1,AB,A_O1,CSPre,1,0.9950000000000045
5,2_____,F,O1,AXBY,AX_,CS,0.25,0.22500000000000847
5,2_____,F,O1,AXBY,AX_,Post,1,1.4099999999999822
5,2_____,F,O1,AXBY,AX_,Pre,0.125,0.30000000000001137
5,2_____,F,O1,AXBY,AX_,CSPre,0.125,-0.0750000000000029
5,2_____,F,O2,AB,B_O2,CS,1.25,2.414999999999935
5,2_____,F,O2,AB,B_O2,Post,0.5,0.2700000000000387
5,2_____,F,O2,AB,B_O2,Pre,0.75,0.5499999999999973
5,2_____,F,O2,AB,B_O2,CSPre,0.5,1.864999999999938
5,2_____,F,O2,AXBY,BY_,CS,0.25,0.3025000000000092
5,2_____,F,O2,AXBY,BY_,Post,0.5,0.5250000000000128
5,2_____,F,O2,AXBY,BY_,Pre,0.375,0.41750000000001813
5,2_____,F,O2,AXBY,BY_,CSPre,-0.125,-0.11500000000000893
5,26____,M,O1,AB,A_O1,CS,1.75,2.874999999999886
5,26____,M,O1,AB,A_O1,Post,1,0.5050000000001803
5,26____,M,O1,AB,A_O1,Pre,0.25,0.3849999999999908
5,26____,M,O1,AB,A_O1,CSPre,1.5,2.489999999999895
5,26____,M,O1,AXBY,AX_,CS,0.375,0.7524999999999977
5,26____,M,O1,AXBY,AX_,Post,1.625,2.010000000000076
5,26____,M,O1,AXBY,AX_,Pre,0.875,1.2425000000000637
5,26____,M,O1,AXBY,AX_,CSPre,-0.5,-0.49000000000006594
5,26____,M,O2,AB,B_O2,CS,1.5,3.445000000000022
5,26____,M,O2,AB,B_O2,Post,3.5,1.260000000000048
5,26____,M,O2,AB,B_O2,Pre,0.75,0.8400000000000032
5,26____,M,O2,AB,B_O2,CSPre,0.75,2.605000000000019
5,26____,M,O2,AXBY,BY_,CS,0.25,0.2450000000000045
5,26____,M,O2,AXBY,BY_,Post,0.875,0.2950000000000442
5,26____,M,O2,AXBY,BY_,Pre,0,0
5,26____,M,O2,AXBY,BY_,CSPre,0.25,0.2450000000000045
5,27____,M,O1,AB,A_O1,CS,1.25,2.9400000000000546
5,27____,M,O1,AB,A_O1,Post,0.75,1.2400000000000377
5,27____,M,O1,AB,A_O1,Pre,0,0
5,27____,M,O1,AB,A_O1,CSPre,1.25,2.9400000000000546
5,27____,M,O1,AXBY,AX_,CS,0.375,0.2674999999999841
5,27____,M,O1,AXBY,AX_,Post,1.125,0.8024999999999805
5,27____,M,O1,AXBY,AX_,Pre,0.125,0.2725000000000364
5,27____,M,O1,AXBY,AX_,CSPre,0.25,-0.005000000000052296
5,27____,M,O2,AB,B_O2,CS,1,1.0749999999999318
5,27____,M,O2,AB,B_O2,Post,4.25,2.074999999999989
5,27____,M,O2,AB,B_O2,Pre,0.75,0.8700000000000329
5,27____,M,O2,AB,B_O2,CSPre,0.25,0.20499999999989893
5,27____,M,O2,AXBY,BY_,CS,0.125,0.4525000000000149
5,27____,M,O2,AXBY,BY_,Post,0.375,0.5999999999999659
5,27____,M,O2,AXBY,BY_,Pre,0.25,0.4000000000000058
5,27____,M,O2,AXBY,BY_,CSPre,-0.125,0.052500000000009095
5,28____,M,O1,AB,A_O1,CS,2.75,2.2199999999998847
5,28____,M,O1,AB,A_O1,Post,1.5,3.0049999999999666
5,28____,M,O1,AB,A_O1,Pre,0,0
5,28____,M,O1,AB,A_O1,CSPre,2.75,2.2199999999998847
5,28____,M,O1,AXBY,AX_,CS,0.75,0.4999999999999716
5,28____,M,O1,AXBY,AX_,Post,1.75,1.2950000000000514
5,28____,M,O1,AXBY,AX_,Pre,0.125,0.08500000000000796
5,28____,M,O1,AXBY,AX_,CSPre,0.625,0.4149999999999636
5,28____,M,O2,AB,B_O2,CS,3,2.280000000000115
5,28____,M,O2,AB,B_O2,Post,0.25,3.3450000000000557
5,28____,M,O2,AB,B_O2,Pre,0,0
5,28____,M,O2,AB,B_O2,CSPre,3,2.280000000000115
5,28____,M,O2,AXBY,BY_,CS,1.5,1.1524999999999181
5,28____,M,O2,AXBY,BY_,Post,1.125,1.1650000000000347
5,28____,M,O2,AXBY,BY_,Pre,0.375,0.5700000000000003
5,28____,M,O2,AXBY,BY_,CSPre,1.125,0.5824999999999179
5,29____,M,O1,AB,A_O1,CS,1.25,1.1950000000000642
5,29____,M,O1,AB,A_O1,Post,1.25,0.8449999999999986
5,29____,M,O1,AB,A_O1,Pre,0.25,0.9599999999999227
5,29____,M,O1,AB,A_O1,CSPre,1,0.23500000000014154
5,29____,M,O1,AXBY,AX_,CS,0,0
5,29____,M,O1,AXBY,AX_,Post,0.125,0.047499999999999376
5,29____,M,O1,AXBY,AX_,Pre,0.375,0.21250000000000563
5,29____,M,O1,AXBY,AX_,CSPre,-0.375,-0.21250000000000563
5,29____,M,O2,AB,B_O2,CS,1.75,2.3250000000000175
5,29____,M,O2,AB,B_O2,Post,0.25,0.075000000000017
5,29____,M,O2,AB,B_O2,Pre,0,0
5,29____,M,O2,AB,B_O2,CSPre,1.75,2.3250000000000175
5,29____,M,O2,AXBY,BY_,CS,0.25,0.2849999999999965
5,29____,M,O2,AXBY,BY_,Post,0.5,0.4749999999999944
5,29____,M,O2,AXBY,BY_,Pre,0,0
5,29____,M,O2,AXBY,BY_,CSPre,0.25,0.2849999999999965
5,3_____,F,O1,AB,A_O1,CS,1,2.0749999999999744
5,3_____,F,O1,AB,A_O1,Post,0.5,1.6350000000000189
5,3_____,F,O1,AB,A_O1,Pre,0.25,1.3249999999999886
5,3_____,F,O1,AB,A_O1,CSPre,0.75,0.7499999999999858
5,3_____,F,O1,AXBY,AX_,CS,0.125,0.08750000000000563
5,3_____,F,O1,AXBY,AX_,Post,0.75,0.8974999999999368
5,3_____,F,O1,AXBY,AX_,Pre,0.375,0.784999999999968
5,3_____,F,O1,AXBY,AX_,CSPre,-0.25,-0.6974999999999623
5,3_____,F,O2,AB,B_O2,CS,1,2.269999999999982
5,3_____,F,O2,AB,B_O2,Post,0.25,0.94999999999996
5,3_____,F,O2,AB,B_O2,Pre,1,2.329999999999984
5,3_____,F,O2,AB,B_O2,CSPre,0,-0.060000000000002274
5,3_____,F,O2,AXBY,BY_,CS,1.5,2.187500000000057
5,3_____,F,O2,AXBY,BY_,Post,0.75,1.4125000000000654
5,3_____,F,O2,AXBY,BY_,Pre,0.125,1.562500000000007
5,3_____,F,O2,AXBY,BY_,CSPre,1.375,0.6250000000000497
5,30____,M,O1,AB,A_O1,CS,4,2.579999999999984
5,30____,M,O1,AB,A_O1,Post,1,2.2600000000001046
5,30____,M,O1,AB,A_O1,Pre,0.5,0.26000000000004775
5,30____,M,O1,AB,A_O1,CSPre,3.5,2.3199999999999363
5,30____,M,O1,AXBY,AX_,CS,1.375,0.6999999999999035
5,30____,M,O1,AXBY,AX_,Post,1.75,1.387500000000017
5,30____,M,O1,AXBY,AX_,Pre,1.125,0.4925000000000495
5,30____,M,O1,AXBY,AX_,CSPre,0.25,0.20749999999985397
5,30____,M,O2,AB,B_O2,CS,3.5,2.6099999999999284
5,30____,M,O2,AB,B_O2,Post,1.5,2.6399999999998154
5,30____,M,O2,AB,B_O2,Pre,0.75,1.334999999999951
5,30____,M,O2,AB,B_O2,CSPre,2.75,1.2749999999999775
5,30____,M,O2,AXBY,BY_,CS,0.75,0.7025000000000716
5,30____,M,O2,AXBY,BY_,Post,1.375,1.3200000000000003
5,30____,M,O2,AXBY,BY_,Pre,1.5,1.1149999999999807
5,30____,M,O2,AXBY,BY_,CSPre,-0.75,-0.41249999999990905
5,31____,M,O1,AB,A_O1,CS,1.5,4.144999999999968
5,31____,M,O1,AB,A_O1,Post,0,1.8600000000000563
5,31____,M,O1,AB,A_O1,Pre,0.25,0.6550000000000012
5,31____,M,O1,AB,A_O1,CSPre,1.25,3.4899999999999665
5,31____,M,O1,AXBY,AX_,CS,0.5,0.6375000000000739
5,31____,M,O1,AXBY,AX_,Post,0.625,1.1825000000000188
5,31____,M,O1,AXBY,AX_,Pre,0.375,0.3500000000000511
5,31____,M,O1,AXBY,AX_,CSPre,0.125,0.2875000000000228
5,31____,M,O2,AB,B_O2,CS,1.25,4.375000000000071
5,31____,M,O2,AB,B_O2,Post,1.25,2.0550000000000352
5,31____,M,O2,AB,B_O2,Pre,0.25,0.25499999999999545
5,31____,M,O2,AB,B_O2,CSPre,1,4.120000000000076
5,31____,M,O2,AXBY,BY_,CS,0.5,1.064999999999884
5,31____,M,O2,AXBY,BY_,Post,0.75,1.1800000000000634
5,31____,M,O2,AXBY,BY_,Pre,0.25,0.7475000000000307
5,31____,M,O2,AXBY,BY_,CSPre,0.25,0.31749999999985334
5,32____,M,O1,AB,A_O1,CS,2,1.47999999999999
5,32____,M,O1,AB,A_O1,Post,1.5,2.3349999999999222
5,32____,M,O1,AB,A_O1,Pre,1.25,1.690000000000012
5,32____,M,O1,AB,A_O1,CSPre,0.75,-0.21000000000002195
5,32____,M,O1,AXBY,AX_,CS,0,0
5,32____,M,O1,AXBY,AX_,Post,0.25,0.2650000000000431
5,32____,M,O1,AXBY,AX_,Pre,0.5,0.6975000000000195
5,32____,M,O1,AXBY,AX_,CSPre,-0.5,-0.6975000000000195
5,32____,M,O2,AB,B_O2,CS,1.5,3.3300000000001124
5,32____,M,O2,AB,B_O2,Post,3,2.424999999999983
5,32____,M,O2,AB,B_O2,Pre,0,0
5,32____,M,O2,AB,B_O2,CSPre,1.5,3.3300000000001124
5,32____,M,O2,AXBY,BY_,CS,0.125,0.22999999999998977
5,32____,M,O2,AXBY,BY_,Post,0.375,0.8625000000000115
5,32____,M,O2,AXBY,BY_,Pre,0.25,0.28000000000002934
5,32____,M,O2,AXBY,BY_,CSPre,-0.125,-0.05000000000003957
5,33____,M,O1,AB,A_O1,CS,0.75,1.5449999999999022
5,33____,M,O1,AB,A_O1,Post,2,2.664999999999992
5,33____,M,O1,AB,A_O1,Pre,0,1.9850000000000136
5,33____,M,O1,AB,A_O1,CSPre,0.75,-0.4400000000001114
5,33____,M,O1,AXBY,AX_,CS,0.25,0.1575000000000415
5,33____,M,O1,AXBY,AX_,Post,0.5,0.8425000000000651
5,33____,M,O1,AXBY,AX_,Pre,1,0.9099999999999895
5,33____,M,O1,AXBY,AX_,CSPre,-0.75,-0.752499999999948
5,33____,M,O2,AB,B_O2,CS,2.5,3.01500000000005
5,33____,M,O2,AB,B_O2,Post,2,2.7399999999998954
5,33____,M,O2,AB,B_O2,Pre,0,0
5,33____,M,O2,AB,B_O2,CSPre,2.5,3.01500000000005
5,33____,M,O2,AXBY,BY_,CS,0.75,1.0349999999999824
5,33____,M,O2,AXBY,BY_,Post,0.25,1.049999999999983
5,33____,M,O2,AXBY,BY_,Pre,0.375,0.2474999999999951
5,33____,M,O2,AXBY,BY_,CSPre,0.375,0.7874999999999872
5,4_____,F,O1,AB,A_O1,CS,1.5,1.8600000000000705
5,4_____,F,O1,AB,A_O1,Post,1.5,1.4149999999999072
5,4_____,F,O1,AB,A_O1,Pre,0.25,0.3000000000000115
5,4_____,F,O1,AB,A_O1,CSPre,1.25,1.5600000000000591
5,4_____,F,O1,AXBY,AX_,CS,0.125,0.034999999999996624
5,4_____,F,O1,AXBY,AX_,Post,1.125,0.7675000000000551
5,4_____,F,O1,AXBY,AX_,Pre,0,0
5,4_____,F,O1,AXBY,AX_,CSPre,0.125,0.034999999999996624
5,4_____,F,O2,AB,B_O2,CS,2.75,2.2250000000000085
5,4_____,F,O2,AB,B_O2,Post,1,0.7800000000000726
5,4_____,F,O2,AB,B_O2,Pre,0,1.6899999999999977
5,4_____,F,O2,AB,B_O2,CSPre,2.75,0.5350000000000108
5,4_____,F,O2,AXBY,BY_,CS,0.375,0.34249999999997277
5,4_____,F,O2,AXBY,BY_,Post,1.5,1.1474999999999511
5,4_____,F,O2,AXBY,BY_,Pre,0.25,0.7175000000000297
5,4_____,F,O2,AXBY,BY_,CSPre,0.125,-0.3750000000000569
5,5_____,F,O1,AB,A_O1,CS,1,2.8399999999999754
5,5_____,F,O1,AB,A_O1,Post,0.75,2.105000000000018
5,5_____,F,O1,AB,A_O1,Pre,0,1.25
5,5_____,F,O1,AB,A_O1,CSPre,1,1.5899999999999754
5,5_____,F,O1,AXBY,AX_,CS,0.25,0.5850000000000364
5,5_____,F,O1,AXBY,AX_,Post,0.375,0.727499999999992
5,5_____,F,O1,AXBY,AX_,Pre,0.125,0.6874999999999999
5,5_____,F,O1,AXBY,AX_,CSPre,0.125,-0.10249999999996351
5,5_____,F,O2,AB,B_O2,CS,1.25,2.424999999999869
5,5_____,F,O2,AB,B_O2,Post,1,1.9800000000000184
5,5_____,F,O2,AB,B_O2,Pre,0.25,0.2599999999999909
5,5_____,F,O2,AB,B_O2,CSPre,1,2.164999999999878
5,5_____,F,O2,AXBY,BY_,CS,0.125,0.3824999999999931
5,5_____,F,O2,AXBY,BY_,Post,0.25,0.20749999999993912
5,5_____,F,O2,AXBY,BY_,Pre,0.25,0.3825000000000003
5,5_____,F,O2,AXBY,BY_,CSPre,-0.125,-7.16093850883226e-15
5,6_____,F,O1,AB,A_O1,CS,1.25,1.2949999999997885
5,6_____,F,O1,AB,A_O1,Post,0.25,1.0799999999999415
5,6_____,F,O1,AB,A_O1,Pre,0,0
5,6_____,F,O1,AB,A_O1,CSPre,1.25,1.2949999999997885
5,6_____,F,O1,AXBY,AX_,CS,0.375,0.10249999999996368
5,6_____,F,O1,AXBY,AX_,Post,0.5,0.45999999999995106
5,6_____,F,O1,AXBY,AX_,Pre,0.125,0.9374999999999716
5,6_____,F,O1,AXBY,AX_,CSPre,0.25,-0.835000000000008
5,6_____,F,O2,AB,B_O2,CS,1.75,1.2849999999999118
5,6_____,F,O2,AB,B_O2,Post,0.75,0.07999999999998399
5,6_____,F,O2,AB,B_O2,Pre,0.25,1
5,6_____,F,O2,AB,B_O2,CSPre,1.5,0.28499999999991177
5,6_____,F,O2,AXBY,BY_,CS,0,0
5,6_____,F,O2,AXBY,BY_,Post,0,0
5,6_____,F,O2,AXBY,BY_,Pre,0.125,0.19749999999999088
5,6_____,F,O2,AXBY,BY_,CSPre,-0.125,-0.19749999999999088
5,7_____,F,O1,AB,A_O1,CS,1.25,2.4350000000000875
5,7_____,F,O1,AB,A_O1,Post,0.5,0.20499999999994176
5,7_____,F,O1,AB,A_O1,Pre,1,0.7150000000000317
5,7_____,F,O1,AB,A_O1,CSPre,0.25,1.7200000000000557
5,7_____,F,O1,AXBY,AX_,CS,0.125,0.007499999999993175
5,7_____,F,O1,AXBY,AX_,Post,0.25,0.12249999999998801
5,7_____,F,O1,AXBY,AX_,Pre,0.375,0.559999999999974
5,7_____,F,O1,AXBY,AX_,CSPre,-0.25,-0.5524999999999808
5,7_____,F,O2,AB,B_O2,CS,3.25,1.7650000000000854
5,7_____,F,O2,AB,B_O2,Post,4.25,0.9100000000000255
5,7_____,F,O2,AB,B_O2,Pre,1,0.48499999999992827
5,7_____,F,O2,AB,B_O2,CSPre,2.25,1.280000000000157
5,7_____,F,O2,AXBY,BY_,CS,0.625,0.29500000000001575
5,7_____,F,O2,AXBY,BY_,Post,0.625,0.6049999999999612
5,7_____,F,O2,AXBY,BY_,Pre,0,0
5,7_____,F,O2,AXBY,BY_,CSPre,0.625,0.29500000000001575
5,8_____,F,O1,AB,A_O1,CS,0.5,1.585000000000008
5,8_____,F,O1,AB,A_O1,Post,0.5,0.279999999999973
5,8_____,F,O1,AB,A_O1,Pre,0.5,0.28999999999993525
5,8_____,F,O1,AB,A_O1,CSPre,0,1.2950000000000728
5,8_____,F,O1,AXBY,AX_,CS,0,0
5,8_____,F,O1,AXBY,AX_,Post,0.625,0.8674999999999713
5,8_____,F,O1,AXBY,AX_,Pre,0.25,0.125000000000007
5,8_____,F,O1,AXBY,AX_,CSPre,-0.25,-0.125000000000007
5,8_____,F,O2,AB,B_O2,CS,1.75,4.17000000000003
5,8_____,F,O2,AB,B_O2,Post,1.75,1.7450000000000472
5,8_____,F,O2,AB,B_O2,Pre,0.5,0.0350000000000249
5,8_____,F,O2,AB,B_O2,CSPre,1.25,4.135000000000005
5,8_____,F,O2,AXBY,BY_,CS,0.5,0.9300000000000352
5,8_____,F,O2,AXBY,BY_,Post,0.5,1.0450000000000301
5,8_____,F,O2,AXBY,BY_,Pre,0.25,0.09499999999999174
5,8_____,F,O2,AXBY,BY_,CSPre,0.25,0.8350000000000435
6,1_____,F,O1,AB,A_O1,CS,3.75,3.7349999999999
6,1_____,F,O1,AB,A_O1,Post,2.25,1.6250000000000566
6,1_____,F,O1,AB,A_O1,Pre,0.25,0.1000000000000015
6,1_____,F,O1,AB,A_O1,CSPre,3.5,3.6349999999998985
6,1_____,F,O1,AXBY,AX_,CS,0.875,1.239999999999952
6,1_____,F,O1,AXBY,AX_,Post,1.25,0.7075000000000671
6,1_____,F,O1,AXBY,AX_,Pre,0,0
6,1_____,F,O1,AXBY,AX_,CSPre,0.875,1.239999999999952
6,1_____,F,O2,AB,B_O2,CS,2.5,2.815000000000044
6,1_____,F,O2,AB,B_O2,Post,2.5,0.9900000000000092
6,1_____,F,O2,AB,B_O2,Pre,0,0
6,1_____,F,O2,AB,B_O2,CSPre,2.5,2.815000000000044
6,1_____,F,O2,AXBY,BY_,CS,0.375,0.21750000000000108
6,1_____,F,O2,AXBY,BY_,Post,0.375,0.44249999999999545
6,1_____,F,O2,AXBY,BY_,Pre,0,0.04500000000000175
6,1_____,F,O2,AXBY,BY_,CSPre,0.375,0.17249999999999932
6,2_____,F,O1,AB,A_O1,CS,2,2.285000000000011
6,2_____,F,O1,AB,A_O1,Post,0.75,0.8800000000001094
6,2_____,F,O1,AB,A_O1,Pre,0.25,0.09499999999997055
6,2_____,F,O1,AB,A_O1,CSPre,1.75,2.1900000000000404
6,2_____,F,O1,AXBY,AX_,CS,0.625,0.4700000000000307
6,2_____,F,O1,AXBY,AX_,Post,1,1.1274999999999749
6,2_____,F,O1,AXBY,AX_,Pre,1.125,0.8349999999999618
6,2_____,F,O1,AXBY,AX_,CSPre,-0.5,-0.36499999999993105
6,2_____,F,O2,AB,B_O2,CS,1.5,2.214999999999975
6,2_____,F,O2,AB,B_O2,Post,0.25,0.22999999999998977
6,2_____,F,O2,AB,B_O2,Pre,0,0
6,2_____,F,O2,AB,B_O2,CSPre,1.5,2.214999999999975
6,2_____,F,O2,AXBY,BY_,CS,0.125,0.06750000000002387
6,2_____,F,O2,AXBY,BY_,Post,0,0.6950000000000216
6,2_____,F,O2,AXBY,BY_,Pre,0.25,0.10500000000001812
6,2_____,F,O2,AXBY,BY_,CSPre,-0.125,-0.037499999999994246
6,26____,M,O1,AB,A_O1,CS,1.5,2.7650000000000396
6,26____,M,O1,AB,A_O1,Post,1.75,1.7799999999999303
6,26____,M,O1,AB,A_O1,Pre,0.75,0.41499999999996345
6,26____,M,O1,AB,A_O1,CSPre,0.75,2.350000000000076
6,26____,M,O1,AXBY,AX_,CS,1.25,2.797499999999971
6,26____,M,O1,AXBY,AX_,Post,1.375,0.9624999999999918
6,26____,M,O1,AXBY,AX_,Pre,0.5,0.914999999999992
6,26____,M,O1,AXBY,AX_,CSPre,0.75,1.882499999999979
6,26____,M,O2,AB,B_O2,CS,1.25,3.8450000000000415
6,26____,M,O2,AB,B_O2,Post,2.5,2.540000000000162
6,26____,M,O2,AB,B_O2,Pre,1,0.38999999999998625
6,26____,M,O2,AB,B_O2,CSPre,0.25,3.455000000000055
6,26____,M,O2,AXBY,BY_,CS,1,0.5075000000000216
6,26____,M,O2,AXBY,BY_,Post,0.375,0.24999999999997158
6,26____,M,O2,AXBY,BY_,Pre,0.125,0.2175000000000012
6,26____,M,O2,AXBY,BY_,CSPre,0.875,0.2900000000000204
6,27____,M,O1,AB,A_O1,CS,1.5,2.4100000000000676
6,27____,M,O1,AB,A_O1,Post,4.25,1.8150000000001114
6,27____,M,O1,AB,A_O1,Pre,0,1.2300000000000182
6,27____,M,O1,AB,A_O1,CSPre,1.5,1.1800000000000495
6,27____,M,O1,AXBY,AX_,CS,0.25,0.3599999999999851
6,27____,M,O1,AXBY,AX_,Post,0.375,0.3774999999999978
6,27____,M,O1,AXBY,AX_,Pre,0.125,0.15749999999999176
6,27____,M,O1,AXBY,AX_,CSPre,0.125,0.20249999999999335
6,27____,M,O2,AB,B_O2,CS,2.5,2.835000000000001
6,27____,M,O2,AB,B_O2,Post,2.75,2.0599999999998317
6,27____,M,O2,AB,B_O2,Pre,0.25,0.30500000000000677
6,27____,M,O2,AB,B_O2,CSPre,2.25,2.529999999999994
6,27____,M,O2,AXBY,BY_,CS,0,0
6,27____,M,O2,AXBY,BY_,Post,0.375,0.5450000000000017
6,27____,M,O2,AXBY,BY_,Pre,0.125,0.167500000000004
6,27____,M,O2,AXBY,BY_,CSPre,-0.125,-0.167500000000004
6,28____,M,O1,AB,A_O1,CS,2.5,3.0400000000000063
6,28____,M,O1,AB,A_O1,Post,4.25,2.9400000000001256
6,28____,M,O1,AB,A_O1,Pre,0,0
6,28____,M,O1,AB,A_O1,CSPre,2.5,3.0400000000000063
6,28____,M,O1,AXBY,AX_,CS,1,0.31249999999999306
6,28____,M,O1,AXBY,AX_,Post,0.75,0.625
6,28____,M,O1,AXBY,AX_,Pre,0.5,0.19499999999999323
6,28____,M,O1,AXBY,AX_,CSPre,0.5,0.11749999999999983
6,28____,M,O2,AB,B_O2,CS,3.5,2.0050000000000665
6,28____,M,O2,AB,B_O2,Post,1,3.1499999999999773
6,28____,M,O2,AB,B_O2,Pre,0.5,0.9900000000000092
6,28____,M,O2,AB,B_O2,CSPre,3,1.0150000000000574
6,28____,M,O2,AXBY,BY_,CS,1.25,1.2825000000000555
6,28____,M,O2,AXBY,BY_,Post,1.125,1.1100000000000563
6,28____,M,O2,AXBY,BY_,Pre,0.625,0.7525000000000687
6,28____,M,O2,AXBY,BY_,CSPre,0.625,0.5299999999999868
6,29____,M,O1,AB,A_O1,CS,1,2.175000000000125
6,29____,M,O1,AB,A_O1,Post,0.5,1.634999999999934
6,29____,M,O1,AB,A_O1,Pre,0,0
6,29____,M,O1,AB,A_O1,CSPre,1,2.175000000000125
6,29____,M,O1,AXBY,AX_,CS,0,0
6,29____,M,O1,AXBY,AX_,Post,0.25,0.12749999999999775
6,29____,M,O1,AXBY,AX_,Pre,0.375,0.4350000000000025
6,29____,M,O1,AXBY,AX_,CSPre,-0.375,-0.4350000000000025
6,29____,M,O2,AB,B_O2,CS,0.75,2.0399999999999636
6,29____,M,O2,AB,B_O2,Post,1.25,1.8000000000000393
6,29____,M,O2,AB,B_O2,Pre,2.25,0.640000000000043
6,29____,M,O2,AB,B_O2,CSPre,-1.5,1.3999999999999206
6,29____,M,O2,AXBY,BY_,CS,0.125,0.5225000000000364
6,29____,M,O2,AXBY,BY_,Post,0.75,1.4275000000000235
6,29____,M,O2,AXBY,BY_,Pre,0.5,0.317499999999967
6,29____,M,O2,AXBY,BY_,CSPre,-0.375,0.2050000000000694
6,3_____,F,O1,AB,A_O1,CS,0.5,0.6650000000000205
6,3_____,F,O1,AB,A_O1,Post,0.75,1.9549999999999559
6,3_____,F,O1,AB,A_O1,Pre,0.25,0.8600000000000139
6,3_____,F,O1,AB,A_O1,CSPre,0.25,-0.1949999999999934
6,3_____,F,O1,AXBY,AX_,CS,0.625,0.31750000000004874
6,3_____,F,O1,AXBY,AX_,Post,0.5,0.444999999999986
6,3_____,F,O1,AXBY,AX_,Pre,0.125,1.5850000000000077
6,3_____,F,O1,AXBY,AX_,CSPre,0.5,-1.267499999999959
6,3_____,F,O2,AB,B_O2,CS,1.25,1.719999999999914
6,3_____,F,O2,AB,B_O2,Post,0.25,1.7450000000000612
6,3_____,F,O2,AB,B_O2,Pre,0.25,0.0099999999999909
6,3_____,F,O2,AB,B_O2,CSPre,1,1.7099999999999231
6,3_____,F,O2,AXBY,BY_,CS,0.75,2.5574999999999792
6,3_____,F,O2,AXBY,BY_,Post,0.375,1.0150000000000219
6,3_____,F,O2,AXBY,BY_,Pre,0.5,1.0275000000000034
6,3_____,F,O2,AXBY,BY_,CSPre,0.25,1.5299999999999758
6,30____,M,O1,AB,A_O1,CS,2.5,3.7049999999999983
6,30____,M,O1,AB,A_O1,Post,1.25,3.510000000000076
6,30____,M,O1,AB,A_O1,Pre,1.5,0.805000000000035
6,30____,M,O1,AB,A_O1,CSPre,1,2.899999999999963
6,30____,M,O1,AXBY,AX_,CS,1.75,1.10499999999994
6,30____,M,O1,AXBY,AX_,Post,2,2.6750000000000322
6,30____,M,O1,AXBY,AX_,Pre,0.25,0.8250000000000064
6,30____,M,O1,AXBY,AX_,CSPre,1.5,0.27999999999993364
6,30____,M,O2,AB,B_O2,CS,3.25,4.510000000000005
6,30____,M,O2,AB,B_O2,Post,4,1.5249999999999488
6,30____,M,O2,AB,B_O2,Pre,0.25,0.17000000000007273
6,30____,M,O2,AB,B_O2,CSPre,3,4.339999999999932
6,30____,M,O2,AXBY,BY_,CS,1.25,1.780000000000079
6,30____,M,O2,AXBY,BY_,Post,1.375,2.5725000000000477
6,30____,M,O2,AXBY,BY_,Pre,0.75,1.0199999999999818
6,30____,M,O2,AXBY,BY_,CSPre,0.5,0.7600000000000973
6,31____,M,O1,AB,A_O1,CS,1,4.375
6,31____,M,O1,AB,A_O1,Post,2,1.4249999999999972
6,31____,M,O1,AB,A_O1,Pre,0,0
6,31____,M,O1,AB,A_O1,CSPre,1,4.375
6,31____,M,O1,AXBY,AX_,CS,1,0.8799999999999885
6,31____,M,O1,AXBY,AX_,Post,0.5,1.4499999999999957
6,31____,M,O1,AXBY,AX_,Pre,0.125,0.07999999999999825
6,31____,M,O1,AXBY,AX_,CSPre,0.875,0.7999999999999902
6,31____,M,O2,AB,B_O2,CS,1,3.2399999999998954
6,31____,M,O2,AB,B_O2,Post,2.25,2.734999999999978
6,31____,M,O2,AB,B_O2,Pre,0,0
6,31____,M,O2,AB,B_O2,CSPre,1,3.2399999999998954
6,31____,M,O2,AXBY,BY_,CS,0.75,2.0600000000000023
6,31____,M,O2,AXBY,BY_,Post,1,2.517500000000055
6,31____,M,O2,AXBY,BY_,Pre,0.75,0.6799999999999501
6,31____,M,O2,AXBY,BY_,CSPre,0,1.3800000000000523
6,32____,M,O1,AB,A_O1,CS,1.5,1.9000000000000625
6,32____,M,O1,AB,A_O1,Post,0.75,3.0499999999999545
6,32____,M,O1,AB,A_O1,Pre,0.5,0.3700000000000045
6,32____,M,O1,AB,A_O1,CSPre,1,1.530000000000058
6,32____,M,O1,AXBY,AX_,CS,0.5,0.537500000000051
6,32____,M,O1,AXBY,AX_,Post,0.375,1.2750000000000057
6,32____,M,O1,AXBY,AX_,Pre,0,0.625
6,32____,M,O1,AXBY,AX_,CSPre,0.5,-0.08749999999994895
6,32____,M,O2,AB,B_O2,CS,1.75,2.775000000000034
6,32____,M,O2,AB,B_O2,Post,3.25,4.2650000000001
6,32____,M,O2,AB,B_O2,Pre,0.25,0.2549999999999955
6,32____,M,O2,AB,B_O2,CSPre,1.5,2.5200000000000387
6,32____,M,O2,AXBY,BY_,CS,0.5,0.4500000000000065
6,32____,M,O2,AXBY,BY_,Post,0.875,0.7299999999999471
6,32____,M,O2,AXBY,BY_,Pre,0.125,0.45249999999997204
6,32____,M,O2,AXBY,BY_,CSPre,0.375,-0.00249999999996553
6,33____,M,O1,AB,A_O1,CS,2,3.1849999999999454
6,33____,M,O1,AB,A_O1,Post,2.5,1.4300000000000492
6,33____,M,O1,AB,A_O1,Pre,0,0
6,33____,M,O1,AB,A_O1,CSPre,2,3.1849999999999454
6,33____,M,O1,AXBY,AX_,CS,0.5,0.525000000000034
6,33____,M,O1,AXBY,AX_,Post,0.625,1.309999999999988
6,33____,M,O1,AXBY,AX_,Pre,0.5,0.7099999999999795
6,33____,M,O1,AXBY,AX_,CSPre,0,-0.18499999999994554
6,33____,M,O2,AB,B_O2,CS,1.5,3.525000000000105
6,33____,M,O2,AB,B_O2,Post,6.25,1.9849999999999857
6,33____,M,O2,AB,B_O2,Pre,0.5,0.10499999999996125
6,33____,M,O2,AB,B_O2,CSPre,1,3.420000000000144
6,33____,M,O2,AXBY,BY_,CS,0.75,0.9675000000000156
6,33____,M,O2,AXBY,BY_,Post,0.375,0.5300000000000153
6,33____,M,O2,AXBY,BY_,Pre,0.375,0.26999999999999236
6,33____,M,O2,AXBY,BY_,CSPre,0.375,0.6975000000000232
6,4_____,F,O1,AB,A_O1,CS,1,2.2299999999999893
6,4_____,F,O1,AB,A_O1,Post,2.25,1.7999999999998688
6,4_____,F,O1,AB,A_O1,Pre,0,0
6,4_____,F,O1,AB,A_O1,CSPre,1,2.2299999999999893
6,4_____,F,O1,AXBY,AX_,CS,0.25,0.7174999999999727
6,4_____,F,O1,AXBY,AX_,Post,0.25,1.1325000000000358
6,4_____,F,O1,AXBY,AX_,Pre,0.375,0.15750000000004155
6,4_____,F,O1,AXBY,AX_,CSPre,-0.125,0.5599999999999312
6,4_____,F,O2,AB,B_O2,CS,1.5,3.600000000000008
6,4_____,F,O2,AB,B_O2,Post,2.75,2.350000000000051
6,4_____,F,O2,AB,B_O2,Pre,0.25,0.024999999999977277
6,4_____,F,O2,AB,B_O2,CSPre,1.25,3.575000000000031
6,4_____,F,O2,AXBY,BY_,CS,0.875,1.9175000000000184
6,4_____,F,O2,AXBY,BY_,Post,1,1.2974999999999564
6,4_____,F,O2,AXBY,BY_,Pre,0.375,0.5250000000000057
6,4_____,F,O2,AXBY,BY_,CSPre,0.5,1.3925000000000127
6,5_____,F,O1,AB,A_O1,CS,1,3.26499999999994
6,5_____,F,O1,AB,A_O1,Post,1,2.000000000000057
6,5_____,F,O1,AB,A_O1,Pre,0,0
6,5_____,F,O1,AB,A_O1,CSPre,1,3.26499999999994
6,5_____,F,O1,AXBY,AX_,CS,0.625,1.7925000000000182
6,5_____,F,O1,AXBY,AX_,Post,0.375,1.5174999999999699
6,5_____,F,O1,AXBY,AX_,Pre,0,0.5924999999999727
6,5_____,F,O1,AXBY,AX_,CSPre,0.625,1.2000000000000455
6,5_____,F,O2,AB,B_O2,CS,1.25,3.1049999999999613
6,5_____,F,O2,AB,B_O2,Post,0.25,3.2400000000000024
6,5_____,F,O2,AB,B_O2,Pre,0,0.030000000000001248
6,5_____,F,O2,AB,B_O2,CSPre,1.25,3.07499999999996
6,5_____,F,O2,AXBY,BY_,CS,0.375,1.5200000000000389
6,5_____,F,O2,AXBY,BY_,Post,0.625,1.5225000000000009
6,5_____,F,O2,AXBY,BY_,Pre,0.375,0.3199999999999861
6,5_____,F,O2,AXBY,BY_,CSPre,0,1.2000000000000528
6,6_____,F,O1,AB,A_O1,CS,1.5,1.4800000000000466
6,6_____,F,O1,AB,A_O1,Post,0.25,0.15999999999999648
6,6_____,F,O1,AB,A_O1,Pre,0.25,0.23000000000001825
6,6_____,F,O1,AB,A_O1,CSPre,1.25,1.2500000000000284
6,6_____,F,O1,AXBY,AX_,CS,1,0.5575000000001183
6,6_____,F,O1,AXBY,AX_,Post,0.25,0.5850000000000078
6,6_____,F,O1,AXBY,AX_,Pre,0.125,0.19749999999999088
6,6_____,F,O1,AXBY,AX_,CSPre,0.875,0.36000000000012744
6,6_____,F,O2,AB,B_O2,CS,2.25,2.0800000000000125
6,6_____,F,O2,AB,B_O2,Post,3.5,0.7299999999999047
6,6_____,F,O2,AB,B_O2,Pre,0,0.5149999999999864
6,6_____,F,O2,AB,B_O2,CSPre,2.25,1.5650000000000261
6,6_____,F,O2,AXBY,BY_,CS,0,0
6,6_____,F,O2,AXBY,BY_,Post,0,0.28000000000000114
6,6_____,F,O2,AXBY,BY_,Pre,0.125,0.04000000000002043
6,6_____,F,O2,AXBY,BY_,CSPre,-0.125,-0.04000000000002043
6,7_____,F,O1,AB,A_O1,CS,3.5,1.9199999999998525
6,7_____,F,O1,AB,A_O1,Post,1,1.6650000000000633
6,7_____,F,O1,AB,A_O1,Pre,1.25,0.6549999999999943
6,7_____,F,O1,AB,A_O1,CSPre,2.25,1.2649999999998582
6,7_____,F,O1,AXBY,AX_,CS,0.25,0.042499999999961374
6,7_____,F,O1,AXBY,AX_,Post,0.25,0.7849999999999967
6,7_____,F,O1,AXBY,AX_,Pre,0.375,0.542500000000004
6,7_____,F,O1,AXBY,AX_,CSPre,-0.125,-0.5000000000000426
6,7_____,F,O2,AB,B_O2,CS,2,1.254999999999882
6,7_____,F,O2,AB,B_O2,Post,3.75,1.6700000000000732
6,7_____,F,O2,AB,B_O2,Pre,1,2.2299999999999898
6,7_____,F,O2,AB,B_O2,CSPre,1,-0.9750000000001078
6,7_____,F,O2,AXBY,BY_,CS,0,0
6,7_____,F,O2,AXBY,BY_,Post,0.625,0.6799999999999928
6,7_____,F,O2,AXBY,BY_,Pre,0.25,0.769999999999996
6,7_____,F,O2,AXBY,BY_,CSPre,-0.25,-0.769999999999996
6,8_____,F,O1,AB,A_O1,CS,1.75,3.155000000000129
6,8_____,F,O1,AB,A_O1,Post,0.25,2.035000000000025
6,8_____,F,O1,AB,A_O1,Pre,0.25,0.05500000000000675
6,8_____,F,O1,AB,A_O1,CSPre,1.5,3.100000000000122
6,8_____,F,O1,AXBY,AX_,CS,0.25,0.11500000000000912
6,8_____,F,O1,AXBY,AX_,Post,0.5,0.31250000000005684
6,8_____,F,O1,AXBY,AX_,Pre,0.625,0.19000000000001208
6,8_____,F,O1,AXBY,AX_,CSPre,-0.375,-0.07500000000000295
6,8_____,F,O2,AB,B_O2,CS,1.5,4.18500000000013
6,8_____,F,O2,AB,B_O2,Post,1.75,1.8050000000001205
6,8_____,F,O2,AB,B_O2,Pre,0.5,0.28500000000000025
6,8_____,F,O2,AB,B_O2,CSPre,1,3.90000000000013
6,8_____,F,O2,AXBY,BY_,CS,0.25,1.0024999999999977
6,8_____,F,O2,AXBY,BY_,Post,0.5,1.0800000000000125
6,8_____,F,O2,AXBY,BY_,Pre,0.5,0.8400000000000034
6,8_____,F,O2,AXBY,BY_,CSPre,-0.25,0.16249999999999432
7,1_____,F,O1,AB,A_O1,CS,3.75,3.26000000000009
7,1_____,F,O1,AB,A_O1,Post,2.75,1.924999999999983
7,1_____,F,O1,AB,A_O1,Pre,0.5,1.215000000000032
7,1_____,F,O1,AB,A_O1,CSPre,3.25,2.0450000000000577
7,1_____,F,O1,AXBY,AX_,CS,0.625,1.2850000000000537
7,1_____,F,O1,AXBY,AX_,Post,1.125,0.9074999999999669
7,1_____,F,O1,AXBY,AX_,Pre,0.375,0.17750000000004462
7,1_____,F,O1,AXBY,AX_,CSPre,0.25,1.107500000000009
7,1_____,F,O2,AB,B_O2,CS,3.5,2.8050000000001205
7,1_____,F,O2,AB,B_O2,Post,2.75,2.0350000000000255
7,1_____,F,O2,AB,B_O2,Pre,0,0
7,1_____,F,O2,AB,B_O2,CSPre,3.5,2.8050000000001205
7,1_____,F,O2,AXBY,BY_,CS,0,0
7,1_____,F,O2,AXBY,BY_,Post,0,0
7,1_____,F,O2,AXBY,BY_,Pre,0.125,0.1875
7,1_____,F,O2,AXBY,BY_,CSPre,-0.125,-0.1875
7,2_____,F,O1,AB,A_O1,CS,2.75,2.369999999999894
7,2_____,F,O1,AB,A_O1,Post,0,0.8350000000000363
7,2_____,F,O1,AB,A_O1,Pre,1,0.7449999999998907
7,2_____,F,O1,AB,A_O1,CSPre,1.75,1.625000000000003
7,2_____,F,O1,AXBY,AX_,CS,0.75,0.7649999999999295
7,2_____,F,O1,AXBY,AX_,Post,0.625,0.8499999999999659
7,2_____,F,O1,AXBY,AX_,Pre,0.25,0.16250000000002274
7,2_____,F,O1,AXBY,AX_,CSPre,0.5,0.6024999999999068
7,2_____,F,O2,AB,B_O2,CS,1.75,2.6750000000001535
7,2_____,F,O2,AB,B_O2,Post,0,0.45999999999997954
7,2_____,F,O2,AB,B_O2,Pre,0,0
7,2_____,F,O2,AB,B_O2,CSPre,1.75,2.6750000000001535
7,2_____,F,O2,AXBY,BY_,CS,1,0.9000000000000342
7,2_____,F,O2,AXBY,BY_,Post,0.625,1.1025000000000489
7,2_____,F,O2,AXBY,BY_,Pre,0.25,0.4900000000000091
7,2_____,F,O2,AXBY,BY_,CSPre,0.75,0.4100000000000251
7,26____,M,O1,AB,A_O1,CS,2,2.4749999999997883
7,26____,M,O1,AB,A_O1,Post,1.25,2.375000000000057
7,26____,M,O1,AB,A_O1,Pre,0,0
7,26____,M,O1,AB,A_O1,CSPre,2,2.4749999999997883
7,26____,M,O1,AXBY,AX_,CS,0.875,1.5324999999999847
7,26____,M,O1,AXBY,AX_,Post,0.375,0.7224999999999965
7,26____,M,O1,AXBY,AX_,Pre,1.125,1.324999999999946
7,26____,M,O1,AXBY,AX_,CSPre,-0.25,0.20750000000003865
7,26____,M,O2,AB,B_O2,CS,2.25,2.8100000000000303
7,26____,M,O2,AB,B_O2,Post,1.75,3.5700000000000642
7,26____,M,O2,AB,B_O2,Pre,1.5,0.5399999999999777
7,26____,M,O2,AB,B_O2,CSPre,0.75,2.2700000000000524
7,26____,M,O2,AXBY,BY_,CS,0.25,0.4000000000000056
7,26____,M,O2,AXBY,BY_,Post,0.5,0.3225000000000478
7,26____,M,O2,AXBY,BY_,Pre,0.25,0.22999999999999685
7,26____,M,O2,AXBY,BY_,CSPre,0,0.17000000000000873
7,27____,M,O1,AB,A_O1,CS,1,3.7600000000000477
7,27____,M,O1,AB,A_O1,Post,1.75,2.2150000000000887
7,27____,M,O1,AB,A_O1,Pre,0,0
7,27____,M,O1,AB,A_O1,CSPre,1,3.7600000000000477
7,27____,M,O1,AXBY,AX_,CS,0.875,0.2199999999999705
7,27____,M,O1,AXBY,AX_,Post,0.5,0.3975000000000648
7,27____,M,O1,AXBY,AX_,Pre,0,0.022500000000000873
7,27____,M,O1,AXBY,AX_,CSPre,0.875,0.19749999999996962
7,27____,M,O2,AB,B_O2,CS,1.5,2.0999999999999375
7,27____,M,O2,AB,B_O2,Post,3,2.1400000000001143
7,27____,M,O2,AB,B_O2,Pre,0,0
7,27____,M,O2,AB,B_O2,CSPre,1.5,2.0999999999999375
7,27____,M,O2,AXBY,BY_,CS,0.75,1.2600000000000477
7,27____,M,O2,AXBY,BY_,Post,0.5,1.3625000000000398
7,27____,M,O2,AXBY,BY_,Pre,0,0
7,27____,M,O2,AXBY,BY_,CSPre,0.75,1.2600000000000477
7,28____,M,O1,AB,A_O1,CS,3,1.9200000000001014
7,28____,M,O1,AB,A_O1,Post,0.5,1.5499999999999403
7,28____,M,O1,AB,A_O1,Pre,0.25,0.04500000000000175
7,28____,M,O1,AB,A_O1,CSPre,2.75,1.8750000000000997
7,28____,M,O1,AXBY,AX_,CS,1.25,0.6075000000000444
7,28____,M,O1,AXBY,AX_,Post,0.5,0.43250000000001887
7,28____,M,O1,AXBY,AX_,Pre,0.5,0.21749999999995845
7,28____,M,O1,AXBY,AX_,CSPre,0.75,0.390000000000086
7,28____,M,O2,AB,B_O2,CS,1.75,1.5549999999998645
7,28____,M,O2,AB,B_O2,Post,1,2.3000000000000536
7,28____,M,O2,AB,B_O2,Pre,0.5,0.700000000000003
7,28____,M,O2,AB,B_O2,CSPre,1.25,0.8549999999998615
7,28____,M,O2,AXBY,BY_,CS,0.5,0.3549999999999898
7,28____,M,O2,AXBY,BY_,Post,0.375,0.2774999999999749
7,28____,M,O2,AXBY,BY_,Pre,0.5,0.44999999999998874
7,28____,M,O2,AXBY,BY_,CSPre,0,-0.09499999999999892
7,29____,M,O1,AB,A_O1,CS,1.5,2.7799999999999088
7,29____,M,O1,AB,A_O1,Post,0.25,0.3799999999999954
7,29____,M,O1,AB,A_O1,Pre,0.25,1.1299999999999741
7,29____,M,O1,AB,A_O1,CSPre,1.25,1.6499999999999346
7,29____,M,O1,AXBY,AX_,CS,0,0.5500000000000114
7,29____,M,O1,AXBY,AX_,Post,0.625,0.6924999999999957
7,29____,M,O1,AXBY,AX_,Pre,0.75,0.5050000000000024
7,29____,M,O1,AXBY,AX_,CSPre,-0.75,0.04500000000000892
7,29____,M,O2,AB,B_O2,CS,1.5,3.579999999999899
7,29____,M,O2,AB,B_O2,Post,1.25,2.4449999999999648
7,29____,M,O2,AB,B_O2,Pre,0.25,0.030000000000001248
7,29____,M,O2,AB,B_O2,CSPre,1.25,3.5499999999998977
7,29____,M,O2,AXBY,BY_,CS,0.875,1.227499999999992
7,29____,M,O2,AXBY,BY_,Post,0.75,2.402499999999989
7,29____,M,O2,AXBY,BY_,Pre,0,0
7,29____,M,O2,AXBY,BY_,CSPre,0.875,1.227499999999992
7,3_____,F,O1,AB,A_O1,CS,0.75,1.0900000000001029
7,3_____,F,O1,AB,A_O1,Post,0.25,1.5750000000000455
7,3_____,F,O1,AB,A_O1,Pre,0.25,0.11000000000001375
7,3_____,F,O1,AB,A_O1,CSPre,0.5,0.9800000000000891
7,3_____,F,O1,AXBY,AX_,CS,0.5,0.5450000000000159
7,3_____,F,O1,AXBY,AX_,Post,0.375,0.914999999999978
7,3_____,F,O1,AXBY,AX_,Pre,0.5,0.22000000000005573
7,3_____,F,O1,AXBY,AX_,CSPre,0,0.3249999999999602
7,3_____,F,O2,AB,B_O2,CS,1,1.4849999999999566
7,3_____,F,O2,AB,B_O2,Post,0.25,0.384999999999934
7,3_____,F,O2,AB,B_O2,Pre,0,0.14499999999998175
7,3_____,F,O2,AB,B_O2,CSPre,1,1.3399999999999748
7,3_____,F,O2,AXBY,BY_,CS,0.875,1.872499999999988
7,3_____,F,O2,AXBY,BY_,Post,0.5,0.4749999999999943
7,3_____,F,O2,AXBY,BY_,Pre,0.5,0.44250000000003537
7,3_____,F,O2,AXBY,BY_,CSPre,0.375,1.4299999999999526
7,30____,M,O1,AB,A_O1,CS,4.75,4.52000000000001
7,30____,M,O1,AB,A_O1,Post,1.25,2.7450000000000614
7,30____,M,O1,AB,A_O1,Pre,0.25,0.2350000000000137
7,30____,M,O1,AB,A_O1,CSPre,4.5,4.284999999999997
7,30____,M,O1,AXBY,AX_,CS,0.625,0.3924999999999983
7,30____,M,O1,AXBY,AX_,Post,0.5,0.49750000000003075
7,30____,M,O1,AXBY,AX_,Pre,0.25,0.8700000000000045
7,30____,M,O1,AXBY,AX_,CSPre,0.375,-0.47750000000000625
7,30____,M,O2,AB,B_O2,CS,3.5,4.6149999999999025
7,30____,M,O2,AB,B_O2,Post,5.25,2.6049999999998477
7,30____,M,O2,AB,B_O2,Pre,1,0.0950000000000842
7,30____,M,O2,AB,B_O2,CSPre,2.5,4.519999999999818
7,30____,M,O2,AXBY,BY_,CS,1.75,1.6650000000000347
7,30____,M,O2,AXBY,BY_,Post,0.5,1.0499999999999972
7,30____,M,O2,AXBY,BY_,Pre,0.75,0.4399999999999977
7,30____,M,O2,AXBY,BY_,CSPre,1,1.225000000000037
7,31____,M,O1,AB,A_O1,CS,1,4.929999999999998
7,31____,M,O1,AB,A_O1,Post,0.75,2.6899999999999693
7,31____,M,O1,AB,A_O1,Pre,0.25,0.32000000000004997
7,31____,M,O1,AB,A_O1,CSPre,0.75,4.609999999999948
7,31____,M,O1,AXBY,AX_,CS,0,0.6650000000000205
7,31____,M,O1,AXBY,AX_,Post,0.125,0.3025000000000091
7,31____,M,O1,AXBY,AX_,Pre,0.125,0.125
7,31____,M,O1,AXBY,AX_,CSPre,-0.125,0.5400000000000205
7,31____,M,O2,AB,B_O2,CS,1.5,4.300000000000011
7,31____,M,O2,AB,B_O2,Post,1.5,4.805000000000007
7,31____,M,O2,AB,B_O2,Pre,0,0.289999999999992
7,31____,M,O2,AB,B_O2,CSPre,1.5,4.010000000000019
7,31____,M,O2,AXBY,BY_,CS,0.375,1.2475000000000094
7,31____,M,O2,AXBY,BY_,Post,0.75,2.184999999999995
7,31____,M,O2,AXBY,BY_,Pre,0.375,0.8324999999999889
7,31____,M,O2,AXBY,BY_,CSPre,0,0.41500000000002046
7,32____,M,O1,AB,A_O1,CS,2.25,2.4650000000000887
7,32____,M,O1,AB,A_O1,Post,1.75,2.6950000000001633
7,32____,M,O1,AB,A_O1,Pre,0.5,0.15000000000000574
7,32____,M,O1,AB,A_O1,CSPre,1.75,2.315000000000083
7,32____,M,O1,AXBY,AX_,CS,0.5,0.43999999999999767
7,32____,M,O1,AXBY,AX_,Post,0.625,2.747499999999981
7,32____,M,O1,AXBY,AX_,Pre,0.25,0.13499999999999088
7,32____,M,O1,AXBY,AX_,CSPre,0.25,0.3050000000000068
7,32____,M,O2,AB,B_O2,CS,2.5,2.459999999999894
7,32____,M,O2,AB,B_O2,Post,3.5,3.0249999999999204
7,32____,M,O2,AB,B_O2,Pre,0,0
7,32____,M,O2,AB,B_O2,CSPre,2.5,2.459999999999894
7,32____,M,O2,AXBY,BY_,CS,0.5,0.2950000000000159
7,32____,M,O2,AXBY,BY_,Post,0.5,0.9274999999999949
7,32____,M,O2,AXBY,BY_,Pre,0.5,0.2149999999999946
7,32____,M,O2,AXBY,BY_,CSPre,0,0.0800000000000213
7,33____,M,O1,AB,A_O1,CS,1.75,2.1150000000000526
7,33____,M,O1,AB,A_O1,Post,3.25,0.9300000000001774
7,33____,M,O1,AB,A_O1,Pre,0,1.25
7,33____,M,O1,AB,A_O1,CSPre,1.75,0.8650000000000526
7,33____,M,O1,AXBY,AX_,CS,0.75,1.5224999999999937
7,33____,M,O1,AXBY,AX_,Post,0.875,1.4150000000000063
7,33____,M,O1,AXBY,AX_,Pre,0.125,0.8250000000000313
7,33____,M,O1,AXBY,AX_,CSPre,0.625,0.6974999999999625
7,33____,M,O2,AB,B_O2,CS,1.25,2.114999999999881
7,33____,M,O2,AB,B_O2,Post,3.25,2.265000000000086
7,33____,M,O2,AB,B_O2,Pre,0,0
7,33____,M,O2,AB,B_O2,CSPre,1.25,2.114999999999881
7,33____,M,O2,AXBY,BY_,CS,0.5,1.042499999999933
7,33____,M,O2,AXBY,BY_,Post,0.5,1.6099999999999852
7,33____,M,O2,AXBY,BY_,Pre,0.25,0.14750000000003638
7,33____,M,O2,AXBY,BY_,CSPre,0.25,0.8949999999998965
7,4_____,F,O1,AB,A_O1,CS,1.5,3.5750000000000526
7,4_____,F,O1,AB,A_O1,Post,3,0.9249999999999404
7,4_____,F,O1,AB,A_O1,Pre,0.25,0.009999999999998
7,4_____,F,O1,AB,A_O1,CSPre,1.25,3.5650000000000546
7,4_____,F,O1,AXBY,AX_,CS,0.75,1.227499999999992
7,4_____,F,O1,AXBY,AX_,Post,0.375,0.9049999999999975
7,4_____,F,O1,AXBY,AX_,Pre,0.125,0.0200000000000005
7,4_____,F,O1,AXBY,AX_,CSPre,0.625,1.2074999999999916
7,4_____,F,O2,AB,B_O2,CS,3.75,3.6550000000000296
7,4_____,F,O2,AB,B_O2,Post,1.75,2.5700000000001073
7,4_____,F,O2,AB,B_O2,Pre,0,0
7,4_____,F,O2,AB,B_O2,CSPre,3.75,3.6550000000000296
7,4_____,F,O2,AXBY,BY_,CS,1.125,1.8849999999998772
7,4_____,F,O2,AXBY,BY_,Post,0.5,0.8099999999999596
7,4_____,F,O2,AXBY,BY_,Pre,0.5,0.5300000000000153
7,4_____,F,O2,AXBY,BY_,CSPre,0.625,1.3549999999998619
7,5_____,F,O1,AB,A_O1,CS,2.5,2.755000000000081
7,5_____,F,O1,AB,A_O1,Post,0.75,4.320000000000022
7,5_____,F,O1,AB,A_O1,Pre,0,0
7,5_____,F,O1,AB,A_O1,CSPre,2.5,2.755000000000081
7,5_____,F,O1,AXBY,AX_,CS,0.875,1.5499999999999545
7,5_____,F,O1,AXBY,AX_,Post,0.75,0.5550000000000068
7,5_____,F,O1,AXBY,AX_,Pre,0.125,0.6775000000000091
7,5_____,F,O1,AXBY,AX_,CSPre,0.75,0.8724999999999454
7,5_____,F,O2,AB,B_O2,CS,1.5,3.3650000000001086
7,5_____,F,O2,AB,B_O2,Post,1.75,3.8000000000000114
7,5_____,F,O2,AB,B_O2,Pre,0.25,0.134999999999991
7,5_____,F,O2,AB,B_O2,CSPre,1.25,3.2300000000001177
7,5_____,F,O2,AXBY,BY_,CS,0.5,1.2524999999999975
7,5_____,F,O2,AXBY,BY_,Post,0,0.4474999999999909
7,5_____,F,O2,AXBY,BY_,Pre,0.625,0.1875000000000266
7,5_____,F,O2,AXBY,BY_,CSPre,-0.125,1.0649999999999709
7,6_____,F,O1,AB,A_O1,CS,3.25,2.464999999999902
7,6_____,F,O1,AB,A_O1,Post,0,1.1249999999999432
7,6_____,F,O1,AB,A_O1,Pre,0,0
7,6_____,F,O1,AB,A_O1,CSPre,3.25,2.464999999999902
7,6_____,F,O1,AXBY,AX_,CS,1,0.450000000000031
7,6_____,F,O1,AXBY,AX_,Post,0.375,1.0175000000000267
7,6_____,F,O1,AXBY,AX_,Pre,0.375,0.4000000000000058
7,6_____,F,O1,AXBY,AX_,CSPre,0.625,0.05000000000002519
7,6_____,F,O2,AB,B_O2,CS,2.5,1.8700000000000188
7,6_____,F,O2,AB,B_O2,Post,0.5,1.079999999999984
7,6_____,F,O2,AB,B_O2,Pre,0.75,1.3399999999999963
7,6_____,F,O2,AB,B_O2,CSPre,1.75,0.5300000000000225
7,6_____,F,O2,AXBY,BY_,CS,0.125,0.05000000000001137
7,6_____,F,O2,AXBY,BY_,Post,0.125,0.08749999999997721
7,6_____,F,O2,AXBY,BY_,Pre,1,0.8600000000000207
7,6_____,F,O2,AXBY,BY_,CSPre,-0.875,-0.8100000000000094
7,7_____,F,O1,AB,A_O1,CS,3.75,2.0550000000000637
7,7_____,F,O1,AB,A_O1,Post,1,0.5450000000000725
7,7_____,F,O1,AB,A_O1,Pre,0.25,1.1999999999999318
7,7_____,F,O1,AB,A_O1,CSPre,3.5,0.8550000000001319
7,7_____,F,O1,AXBY,AX_,CS,0.375,0.18750000000005684
7,7_____,F,O1,AXBY,AX_,Post,1,0.9924999999999358
7,7_____,F,O1,AXBY,AX_,Pre,0.125,0.1749999999999829
7,7_____,F,O1,AXBY,AX_,CSPre,0.25,0.012500000000073952
7,7_____,F,O2,AB,B_O2,CS,1.25,1.2999999999999545
7,7_____,F,O2,AB,B_O2,Post,0.5,0.6899999999999409
7,7_____,F,O2,AB,B_O2,Pre,0,0
7,7_____,F,O2,AB,B_O2,CSPre,1.25,1.2999999999999545
7,7_____,F,O2,AXBY,BY_,CS,0.125,0.0625
7,7_____,F,O2,AXBY,BY_,Post,0.25,0.7199999999999989
7,7_____,F,O2,AXBY,BY_,Pre,0.375,0.4099999999999985
7,7_____,F,O2,AXBY,BY_,CSPre,-0.25,-0.3474999999999985
7,8_____,F,O1,AB,A_O1,CS,1.5,1.9849999999999568
7,8_____,F,O1,AB,A_O1,Post,1.5,1.7100000000000362
7,8_____,F,O1,AB,A_O1,Pre,1,0.9049999999999727
7,8_____,F,O1,AB,A_O1,CSPre,0.5,1.079999999999984
7,8_____,F,O1,AXBY,AX_,CS,0.125,0.2574999999999932
7,8_____,F,O1,AXBY,AX_,Post,0.75,0.9974999999999455
7,8_____,F,O1,AXBY,AX_,Pre,1,0.8100000000000092
7,8_____,F,O1,AXBY,AX_,CSPre,-0.875,-0.552500000000016
7,8_____,F,O2,AB,B_O2,CS,2,3.6000000000000516
7,8_____,F,O2,AB,B_O2,Post,0,0.8499999999999658
7,8_____,F,O2,AB,B_O2,Pre,0.5,0.2299999999999046
7,8_____,F,O2,AB,B_O2,CSPre,1.5,3.370000000000147
7,8_____,F,O2,AXBY,BY_,CS,0.75,1.197499999999991
7,8_____,F,O2,AXBY,BY_,Post,0.75,1.5349999999999824
7,8_____,F,O2,AXBY,BY_,Pre,0.5,0.2375000000000044
7,8_____,F,O2,AXBY,BY_,CSPre,0.25,0.9599999999999865
8,1_____,F,O1,AB,A_O1,CS,4.5,3.8099999999999454
8,1_____,F,O1,AB,A_O1,Post,2.75,2.1899999999999125
8,1_____,F,O1,AB,A_O1,Pre,0,0
8,1_____,F,O1,AB,A_O1,CSPre,4.5,3.8099999999999454
8,1_____,F,O1,AXBY,AX_,CS,0.25,1.0000000000000144
8,1_____,F,O1,AXBY,AX_,Post,1.125,1.2625000000000313
8,1_____,F,O1,AXBY,AX_,Pre,0,0
8,1_____,F,O1,AXBY,AX_,CSPre,0.25,1.0000000000000144
8,1_____,F,O2,AB,B_O2,CS,2,3.250000000000014
8,1_____,F,O2,AB,B_O2,Post,2,1.1500000000000483
8,1_____,F,O2,AB,B_O2,Pre,0,0
8,1_____,F,O2,AB,B_O2,CSPre,2,3.250000000000014
8,1_____,F,O2,AXBY,BY_,CS,0.375,0.4800000000000111
8,1_____,F,O2,AXBY,BY_,Post,0.125,0.385000000000005
8,1_____,F,O2,AXBY,BY_,Pre,0.125,0.34249999999997277
8,1_____,F,O2,AXBY,BY_,CSPre,0.25,0.1375000000000383
8,2_____,F,O1,AB,A_O1,CS,3.5,1.9400000000000406
8,2_____,F,O1,AB,A_O1,Post,0.75,0.8249999999999748
8,2_____,F,O1,AB,A_O1,Pre,0,1.25
8,2_____,F,O1,AB,A_O1,CSPre,3.5,0.6900000000000406
8,2_____,F,O1,AXBY,AX_,CS,0.875,0.7025000000000574
8,2_____,F,O1,AXBY,AX_,Post,0.5,0.4825000000000337
8,2_____,F,O1,AXBY,AX_,Pre,0,0
8,2_____,F,O1,AXBY,AX_,CSPre,0.875,0.7025000000000574
8,2_____,F,O2,AB,B_O2,CS,3.25,2.465000000000183
8,2_____,F,O2,AB,B_O2,Post,1.25,0.5900000000000141
8,2_____,F,O2,AB,B_O2,Pre,0.5,0.09500000000000251
8,2_____,F,O2,AB,B_O2,CSPre,2.75,2.3700000000001804
8,2_____,F,O2,AXBY,BY_,CS,0.25,0.5675000000000524
8,2_____,F,O2,AXBY,BY_,Post,0.375,0.13499999999999102
8,2_____,F,O2,AXBY,BY_,Pre,0.25,0.12249999999998804
8,2_____,F,O2,AXBY,BY_,CSPre,0,0.44500000000006434
8,26____,M,O1,AB,A_O1,CS,2,2.4549999999997567
8,26____,M,O1,AB,A_O1,Post,0.75,2.470000000000141
8,26____,M,O1,AB,A_O1,Pre,0,0.2450000000000045
8,26____,M,O1,AB,A_O1,CSPre,2,2.209999999999752
8,26____,M,O1,AXBY,AX_,CS,0.625,1.2424999999999926
8,26____,M,O1,AXBY,AX_,Post,0.25,0.21749999999998687
8,26____,M,O1,AXBY,AX_,Pre,0.125,0.7524999999999977
8,26____,M,O1,AXBY,AX_,CSPre,0.5,0.4899999999999949
8,26____,M,O2,AB,B_O2,CS,1.75,3.114999999999988
8,26____,M,O2,AB,B_O2,Post,5.5,3.490000000000009
8,26____,M,O2,AB,B_O2,Pre,0,0
8,26____,M,O2,AB,B_O2,CSPre,1.75,3.114999999999988
8,26____,M,O2,AXBY,BY_,CS,0.375,0.5900000000000247
8,26____,M,O2,AXBY,BY_,Post,0.125,0.14249999999998414
8,26____,M,O2,AXBY,BY_,Pre,0.375,0.2000000000000241
8,26____,M,O2,AXBY,BY_,CSPre,0,0.3900000000000006
8,27____,M,O1,AB,A_O1,CS,1.25,3.290000000000049
8,27____,M,O1,AB,A_O1,Post,1.5,1.1100000000000418
8,27____,M,O1,AB,A_O1,Pre,0.25,0.034999999999968175
8,27____,M,O1,AB,A_O1,CSPre,1,3.2550000000000807
8,27____,M,O1,AXBY,AX_,CS,0.25,1.0874999999999986
8,27____,M,O1,AXBY,AX_,Post,0.125,0.6125000000000043
8,27____,M,O1,AXBY,AX_,Pre,0.125,0.41500000000002035
8,27____,M,O1,AXBY,AX_,CSPre,0.125,0.6724999999999782
8,27____,M,O2,AB,B_O2,CS,1.75,3.880000000000006
8,27____,M,O2,AB,B_O2,Post,1.75,1.2700000000000211
8,27____,M,O2,AB,B_O2,Pre,0,0
8,27____,M,O2,AB,B_O2,CSPre,1.75,3.880000000000006
8,27____,M,O2,AXBY,BY_,CS,0.375,0.45749999999995344
8,27____,M,O2,AXBY,BY_,Post,0,0.05249999999999488
8,27____,M,O2,AXBY,BY_,Pre,0,0.024999999999998627
8,27____,M,O2,AXBY,BY_,CSPre,0.375,0.4324999999999548
8,28____,M,O1,AB,A_O1,CS,2.5,2.9249999999998977
8,28____,M,O1,AB,A_O1,Post,0.5,1.5999999999999945
8,28____,M,O1,AB,A_O1,Pre,0,0
8,28____,M,O1,AB,A_O1,CSPre,2.5,2.9249999999998977
8,28____,M,O1,AXBY,AX_,CS,0.625,0.5424999999999471
8,28____,M,O1,AXBY,AX_,Post,0.5,0.39999999999999863
8,28____,M,O1,AXBY,AX_,Pre,0.125,0.06000000000000226
8,28____,M,O1,AXBY,AX_,CSPre,0.5,0.48249999999994486
8,28____,M,O2,AB,B_O2,CS,3.25,2.1449999999999534
8,28____,M,O2,AB,B_O2,Post,0.5,2.3899999999999864
8,28____,M,O2,AB,B_O2,Pre,0,0
8,28____,M,O2,AB,B_O2,CSPre,3.25,2.1449999999999534
8,28____,M,O2,AXBY,BY_,CS,1,1.1474999999999964
8,28____,M,O2,AXBY,BY_,Post,0.375,0.45249999999998636
8,28____,M,O2,AXBY,BY_,Pre,0.125,0.05250000000000912
8,28____,M,O2,AXBY,BY_,CSPre,0.875,1.0949999999999873
8,29____,M,O1,AB,A_O1,CS,2,2.6100000000002126
8,29____,M,O1,AB,A_O1,Post,1.25,1.5550000000000068
8,29____,M,O1,AB,A_O1,Pre,1.25,1.135000000000019
8,29____,M,O1,AB,A_O1,CSPre,0.75,1.4750000000001935
8,29____,M,O1,AXBY,AX_,CS,0.625,1.1249999999999147
8,29____,M,O1,AXBY,AX_,Post,1.125,0.7624999999999602
8,29____,M,O1,AXBY,AX_,Pre,0.5,0.5250000000000198
8,29____,M,O1,AXBY,AX_,CSPre,0.125,0.599999999999895
8,29____,M,O2,AB,B_O2,CS,1.75,2.810000000000054
8,29____,M,O2,AB,B_O2,Post,2.5,2.060000000000027
8,29____,M,O2,AB,B_O2,Pre,1,0.3200000000000217
8,29____,M,O2,AB,B_O2,CSPre,0.75,2.490000000000032
8,29____,M,O2,AXBY,BY_,CS,0.5,1.1299999999999955
8,29____,M,O2,AXBY,BY_,Post,1.125,0.9074999999999882
8,29____,M,O2,AXBY,BY_,Pre,0.125,0.07499999999998863
8,29____,M,O2,AXBY,BY_,CSPre,0.375,1.0550000000000068
8,3_____,F,O1,AB,A_O1,CS,0.75,0.964999999999975
8,3_____,F,O1,AB,A_O1,Post,1,1.4200000000000728
8,3_____,F,O1,AB,A_O1,Pre,0,0
8,3_____,F,O1,AB,A_O1,CSPre,0.75,0.964999999999975
8,3_____,F,O1,AXBY,AX_,CS,1.25,1.4475000000000546
8,3_____,F,O1,AXBY,AX_,Post,0.5,1.3174999999999815
8,3_____,F,O1,AXBY,AX_,Pre,0.375,0.2600000000000336
8,3_____,F,O1,AXBY,AX_,CSPre,0.875,1.187500000000021
8,3_____,F,O2,AB,B_O2,CS,1.75,2.0249999999999626
8,3_____,F,O2,AB,B_O2,Post,2.25,2.8499999999999797
8,3_____,F,O2,AB,B_O2,Pre,0.25,0.9000000000000058
8,3_____,F,O2,AB,B_O2,CSPre,1.5,1.124999999999957
8,3_____,F,O2,AXBY,BY_,CS,0.75,1.0200000000000093
8,3_____,F,O2,AXBY,BY_,Post,1.25,1.3800000000000026
8,3_____,F,O2,AXBY,BY_,Pre,1.125,1.3474999999999537
8,3_____,F,O2,AXBY,BY_,CSPre,-0.375,-0.3274999999999444
8,30____,M,O1,AB,A_O1,CS,2,4.934999999999945
8,30____,M,O1,AB,A_O1,Post,1.75,3.79000000000002
8,30____,M,O1,AB,A_O1,Pre,0.5,0.7850000000000534
8,30____,M,O1,AB,A_O1,CSPre,1.5,4.149999999999892
8,30____,M,O1,AXBY,AX_,CS,0,0
8,30____,M,O1,AXBY,AX_,Post,0.625,0.17749999999995228
8,30____,M,O1,AXBY,AX_,Pre,0.5,0.14249999999998408
8,30____,M,O1,AXBY,AX_,CSPre,-0.5,-0.14249999999998408
8,30____,M,O2,AB,B_O2,CS,3,4.249999999999886
8,30____,M,O2,AB,B_O2,Post,1.25,2.444999999999993
8,30____,M,O2,AB,B_O2,Pre,0.5,1.480000000000018
8,30____,M,O2,AB,B_O2,CSPre,2.5,2.769999999999868
8,30____,M,O2,AXBY,BY_,CS,0.75,0.840000000000007
8,30____,M,O2,AXBY,BY_,Post,1.625,1.4300000000000177
8,30____,M,O2,AXBY,BY_,Pre,0.25,0.5049999999999956
8,30____,M,O2,AXBY,BY_,CSPre,0.5,0.3350000000000114
8,31____,M,O1,AB,A_O1,CS,3.75,4.074999999999932
8,31____,M,O1,AB,A_O1,Post,3,3.065000000000197
8,31____,M,O1,AB,A_O1,Pre,0.25,0.6100000000000138
8,31____,M,O1,AB,A_O1,CSPre,3.5,3.464999999999918
8,31____,M,O1,AXBY,AX_,CS,1,2.7825000000000273
8,31____,M,O1,AXBY,AX_,Post,0.375,1.1524999999999892
8,31____,M,O1,AXBY,AX_,Pre,0,0
8,31____,M,O1,AXBY,AX_,CSPre,1,2.7825000000000273
8,31____,M,O2,AB,B_O2,CS,1.75,4.47999999999999
8,31____,M,O2,AB,B_O2,Post,1.75,2.9149999999999636
8,31____,M,O2,AB,B_O2,Pre,0,1.25
8,31____,M,O2,AB,B_O2,CSPre,1.75,3.2299999999999898
8,31____,M,O2,AXBY,BY_,CS,1.25,2.5200000000000244
8,31____,M,O2,AXBY,BY_,Post,0.625,1.8200000000000256
8,31____,M,O2,AXBY,BY_,Pre,0,0
8,31____,M,O2,AXBY,BY_,CSPre,1.25,2.5200000000000244
8,32____,M,O1,AB,A_O1,CS,1.25,2.725000000000037
8,32____,M,O1,AB,A_O1,Post,0.75,2.210000000000008
8,32____,M,O1,AB,A_O1,Pre,0.25,0.02500000000000575
8,32____,M,O1,AB,A_O1,CSPre,1,2.7000000000000313
8,32____,M,O1,AXBY,AX_,CS,0.875,1.2175000000000864
8,32____,M,O1,AXBY,AX_,Post,0.375,0.6075000000000443
8,32____,M,O1,AXBY,AX_,Pre,0.75,0.4949999999999335
8,32____,M,O1,AXBY,AX_,CSPre,0.125,0.7225000000001529
8,32____,M,O2,AB,B_O2,CS,2.25,3.925000000000054
8,32____,M,O2,AB,B_O2,Post,4.25,2.7600000000001046
8,32____,M,O2,AB,B_O2,Pre,0.75,0.25499999999993866
8,32____,M,O2,AB,B_O2,CSPre,1.5,3.6700000000001154
8,32____,M,O2,AXBY,BY_,CS,0.625,0.4125000000000226
8,32____,M,O2,AXBY,BY_,Post,0.375,0.27250000000000796
8,32____,M,O2,AXBY,BY_,Pre,0.375,0.2825000000000131
8,32____,M,O2,AXBY,BY_,CSPre,0.25,0.13000000000000955
8,33____,M,O1,AB,A_O1,CS,2.5,3.170000000000115
8,33____,M,O1,AB,A_O1,Post,1.25,1.7449999999999477
8,33____,M,O1,AB,A_O1,Pre,0.25,1.1749999999999685
8,33____,M,O1,AB,A_O1,CSPre,2.25,1.9950000000001464
8,33____,M,O1,AXBY,AX_,CS,0.5,0.6350000000000193
8,33____,M,O1,AXBY,AX_,Post,0.375,1.2399999999999451
8,33____,M,O1,AXBY,AX_,Pre,0.125,0.0625
8,33____,M,O1,AXBY,AX_,CSPre,0.375,0.5725000000000193
8,33____,M,O2,AB,B_O2,CS,2.25,1.9950000000000898
8,33____,M,O2,AB,B_O2,Post,6,2.5600000000001444
8,33____,M,O2,AB,B_O2,Pre,0,0
8,33____,M,O2,AB,B_O2,CSPre,2.25,1.9950000000000898
8,33____,M,O2,AXBY,BY_,CS,0.875,1.9949999999999761
8,33____,M,O2,AXBY,BY_,Post,0.25,0.7000000000000313
8,33____,M,O2,AXBY,BY_,Pre,1.75,0.8675000000001063
8,33____,M,O2,AXBY,BY_,CSPre,-0.875,1.1274999999998698
8,4_____,F,O1,AB,A_O1,CS,2,3.0700000000001064
8,4_____,F,O1,AB,A_O1,Post,0,0
8,4_____,F,O1,AB,A_O1,Pre,0.5,0.3300000000000533
8,4_____,F,O1,AB,A_O1,CSPre,1.5,2.740000000000053
8,4_____,F,O1,AXBY,AX_,CS,0.875,1.2150000000000034
8,4_____,F,O1,AXBY,AX_,Post,0.375,0.8850000000000192
8,4_____,F,O1,AXBY,AX_,Pre,0,0
8,4_____,F,O1,AXBY,AX_,CSPre,0.875,1.2150000000000034
8,4_____,F,O2,AB,B_O2,CS,2.5,4.039999999999964
8,4_____,F,O2,AB,B_O2,Post,1,2.1899999999998556
8,4_____,F,O2,AB,B_O2,Pre,0.25,0.7450000000000045
8,4_____,F,O2,AB,B_O2,CSPre,2.25,3.294999999999959
8,4_____,F,O2,AXBY,BY_,CS,1.25,2.2799999999998946
8,4_____,F,O2,AXBY,BY_,Post,0.625,0.7449999999999618
8,4_____,F,O2,AXBY,BY_,Pre,0.5,0.2174999999999797
8,4_____,F,O2,AXBY,BY_,CSPre,0.75,2.0624999999999147
8,5_____,F,O1,AB,A_O1,CS,2.5,2.390000000000057
8,5_____,F,O1,AB,A_O1,Post,0.5,2.4099999999999326
8,5_____,F,O1,AB,A_O1,Pre,0.75,1.3700000000000117
8,5_____,F,O1,AB,A_O1,CSPre,1.75,1.0200000000000453
8,5_____,F,O1,AXBY,AX_,CS,1,2.007499999999971
8,5_____,F,O1,AXBY,AX_,Post,1.375,1.354999999999901
8,5_____,F,O1,AXBY,AX_,Pre,0.25,0.2524999999999977
8,5_____,F,O1,AXBY,AX_,CSPre,0.75,1.7549999999999732
8,5_____,F,O2,AB,B_O2,CS,1.25,1.8199999999998793
8,5_____,F,O2,AB,B_O2,Post,2.75,3.55499999999995
8,5_____,F,O2,AB,B_O2,Pre,1,0.6600000000000817
8,5_____,F,O2,AB,B_O2,CSPre,0.25,1.1599999999997976
8,5_____,F,O2,AXBY,BY_,CS,0.125,0.26500000000000057
8,5_____,F,O2,AXBY,BY_,Post,0.375,0.08500000000000088
8,5_____,F,O2,AXBY,BY_,Pre,0.125,0.23250000000000173
8,5_____,F,O2,AXBY,BY_,CSPre,0,0.032499999999998835
8,6_____,F,O1,AB,A_O1,CS,4.25,3.6149999999999234
8,6_____,F,O1,AB,A_O1,Post,0.25,0.06000000000000226
8,6_____,F,O1,AB,A_O1,Pre,0.25,0.045000000000016
8,6_____,F,O1,AB,A_O1,CSPre,4,3.5699999999999075
8,6_____,F,O1,AXBY,AX_,CS,1.25,0.962500000000034
8,6_____,F,O1,AXBY,AX_,Post,0.625,0.2375000000000681
8,6_____,F,O1,AXBY,AX_,Pre,0.5,0.5775000000000148
8,6_____,F,O1,AXBY,AX_,CSPre,0.75,0.3850000000000192
8,6_____,F,O2,AB,B_O2,CS,2.75,1.970000000000141
8,6_____,F,O2,AB,B_O2,Post,1.5,0.32500000000004525
8,6_____,F,O2,AB,B_O2,Pre,1,0.6999999999999889
8,6_____,F,O2,AB,B_O2,CSPre,1.75,1.2700000000001521
8,6_____,F,O2,AXBY,BY_,CS,0.375,0.5725000000000192
8,6_____,F,O2,AXBY,BY_,Post,0.5,0.5875000000000625
8,6_____,F,O2,AXBY,BY_,Pre,0.375,0.8150000000000261
8,6_____,F,O2,AXBY,BY_,CSPre,0,-0.24250000000000693
8,7_____,F,O1,AB,A_O1,CS,2.75,1.9900000000000586
8,7_____,F,O1,AB,A_O1,Post,2,2.085000000000185
8,7_____,F,O1,AB,A_O1,Pre,0.75,0.17000000000000176
8,7_____,F,O1,AB,A_O1,CSPre,2,1.820000000000057
8,7_____,F,O1,AXBY,AX_,CS,0.625,0.4474999999999909
8,7_____,F,O1,AXBY,AX_,Post,0.125,0.4399999999999977
8,7_____,F,O1,AXBY,AX_,Pre,0.125,0.08500000000000088
8,7_____,F,O1,AXBY,AX_,CSPre,0.5,0.36249999999999005
8,7_____,F,O2,AB,B_O2,CS,2,2.9000000000000625
8,7_____,F,O2,AB,B_O2,Post,1.25,2.2849999999999966
8,7_____,F,O2,AB,B_O2,Pre,0.25,0.02000000000003865
8,7_____,F,O2,AB,B_O2,CSPre,1.75,2.880000000000024
8,7_____,F,O2,AXBY,BY_,CS,1,1.7125000000000625
8,7_____,F,O2,AXBY,BY_,Post,1.625,1.2899999999999854
8,7_____,F,O2,AXBY,BY_,Pre,0,0.06999999999999312
8,7_____,F,O2,AXBY,BY_,CSPre,1,1.6425000000000693
8,8_____,F,O1,AB,A_O1,CS,1.5,2.8049999999999002
8,8_____,F,O1,AB,A_O1,Post,0.5,1.7199999999999918
8,8_____,F,O1,AB,A_O1,Pre,0.25,0.295000000000016
8,8_____,F,O1,AB,A_O1,CSPre,1.25,2.5099999999998843
8,8_____,F,O1,AXBY,AX_,CS,1,2.1700000000000017
8,8_____,F,O1,AXBY,AX_,Post,0.625,2.2925000000000324
8,8_____,F,O1,AXBY,AX_,Pre,0.125,0.5749999999999886
8,8_____,F,O1,AXBY,AX_,CSPre,0.875,1.595000000000013
8,8_____,F,O2,AB,B_O2,CS,0.5,4.694999999999986
8,8_____,F,O2,AB,B_O2,Post,1.25,2.359999999999985
8,8_____,F,O2,AB,B_O2,Pre,0.25,1.230000000000004
8,8_____,F,O2,AB,B_O2,CSPre,0.25,3.464999999999982
8,8_____,F,O2,AXBY,BY_,CS,0.75,2.124999999999986
8,8_____,F,O2,AXBY,BY_,Post,0.5,0.5225000000000081
8,8_____,F,O2,AXBY,BY_,Pre,0,0
8,8_____,F,O2,AXBY,BY_,CSPre,0.75,2.124999999999986
9,1_____,F,O1,AB,A_O1,CS,5.25,3.8399999999997476
9,1_____,F,O1,AB,A_O1,Post,0.25,1.1849999999999883
9,1_____,F,O1,AB,A_O1,Pre,0.25,1.0850000000000364
9,1_____,F,O1,AB,A_O1,CSPre,5,2.7549999999997112
9,1_____,F,O1,AXBY,AX_,CS,0.625,0.8450000000000485
9,1_____,F,O1,AXBY,AX_,Post,0.125,0.002499999999997725
9,1_____,F,O1,AXBY,AX_,Pre,0,0
9,1_____,F,O1,AXBY,AX_,CSPre,0.625,0.8450000000000485
9,1_____,F,O2,AB,B_O2,CS,3,2.7899999999999685
9,1_____,F,O2,AB,B_O2,Post,1.75,0.7499999999999789
9,1_____,F,O2,AB,B_O2,Pre,0.25,0.12000000000000448
9,1_____,F,O2,AB,B_O2,CSPre,2.75,2.669999999999964
9,1_____,F,O2,AXBY,BY_,CS,0,0
9,1_____,F,O2,AXBY,BY_,Post,0.5,0.4350000000000201
9,1_____,F,O2,AXBY,BY_,Pre,0,0
9,1_____,F,O2,AXBY,BY_,CSPre,0,0
9,2_____,F,O1,AB,A_O1,CS,2.5,1.6150000000001088
9,2_____,F,O1,AB,A_O1,Post,1,1.4549999999999554
9,2_____,F,O1,AB,A_O1,Pre,0.75,0.7450000000000614
9,2_____,F,O1,AB,A_O1,CSPre,1.75,0.8700000000000474
9,2_____,F,O1,AXBY,AX_,CS,1.125,0.4874999999999544
9,2_____,F,O1,AXBY,AX_,Post,0.25,0.42749999999995225
9,2_____,F,O1,AXBY,AX_,Pre,0.375,0.2849999999999896
9,2_____,F,O1,AXBY,AX_,CSPre,0.75,0.20249999999996482
9,2_____,F,O2,AB,B_O2,CS,1.25,2.105000000000046
9,2_____,F,O2,AB,B_O2,Post,1.25,0.6850000000000593
9,2_____,F,O2,AB,B_O2,Pre,0.5,0.13000000000002374
9,2_____,F,O2,AB,B_O2,CSPre,0.75,1.9750000000000225
9,2_____,F,O2,AXBY,BY_,CS,0.25,0.5449999999999591
9,2_____,F,O2,AXBY,BY_,Post,1.125,0.3725000000000875
9,2_____,F,O2,AXBY,BY_,Pre,0.125,0.08500000000000799
9,2_____,F,O2,AXBY,BY_,CSPre,0.125,0.4599999999999511
9,26____,M,O1,AB,A_O1,CS,2.25,2.3150000000000546
9,26____,M,O1,AB,A_O1,Post,1.5,2.364999999999938
9,26____,M,O1,AB,A_O1,Pre,1,1.394999999999996
9,26____,M,O1,AB,A_O1,CSPre,1.25,0.9200000000000585
9,26____,M,O1,AXBY,AX_,CS,0.625,0.8925000000000409
9,26____,M,O1,AXBY,AX_,Post,0,0
9,26____,M,O1,AXBY,AX_,Pre,0.25,0.025000000000005625
9,26____,M,O1,AXBY,AX_,CSPre,0.375,0.8675000000000354
9,26____,M,O2,AB,B_O2,CS,2.25,3.355000000000018
9,26____,M,O2,AB,B_O2,Post,4.25,3.180000000000178
9,26____,M,O2,AB,B_O2,Pre,0.5,0.16500000000002052
9,26____,M,O2,AB,B_O2,CSPre,1.75,3.1899999999999977
9,26____,M,O2,AXBY,BY_,CS,0.375,0.7850000000000036
9,26____,M,O2,AXBY,BY_,Post,0.125,0.16249999999999437
9,26____,M,O2,AXBY,BY_,Pre,0.25,0.6799999999999926
9,26____,M,O2,AXBY,BY_,CSPre,0.125,0.10500000000001097
9,27____,M,O1,AB,A_O1,CS,0.75,2.765000000000043
9,27____,M,O1,AB,A_O1,Post,1.75,2.2050000000000693
9,27____,M,O1,AB,A_O1,Pre,0.25,0.4849999999999852
9,27____,M,O1,AB,A_O1,CSPre,0.5,2.280000000000058
9,27____,M,O1,AXBY,AX_,CS,1,1.3900000000000043
9,27____,M,O1,AXBY,AX_,Post,0.25,0.7274999999999919
9,27____,M,O1,AXBY,AX_,Pre,0.25,0.05500000000000675
9,27____,M,O1,AXBY,AX_,CSPre,0.75,1.3349999999999975
9,27____,M,O2,AB,B_O2,CS,1,3.9249999999999723
9,27____,M,O2,AB,B_O2,Post,2.75,2.304999999999783
9,27____,M,O2,AB,B_O2,Pre,0,0
9,27____,M,O2,AB,B_O2,CSPre,1,3.9249999999999723
9,27____,M,O2,AXBY,BY_,CS,0.875,0.5774999999999579
9,27____,M,O2,AXBY,BY_,Post,0.25,0.33500000000003627
9,27____,M,O2,AXBY,BY_,Pre,0,0
9,27____,M,O2,AXBY,BY_,CSPre,0.875,0.5774999999999579
9,28____,M,O1,AB,A_O1,CS,3.25,3.1750000000001535
9,28____,M,O1,AB,A_O1,Post,0.75,1.010000000000019
9,28____,M,O1,AB,A_O1,Pre,0,0
9,28____,M,O1,AB,A_O1,CSPre,3.25,3.1750000000001535
9,28____,M,O1,AXBY,AX_,CS,0.75,1.3224999999999891
9,28____,M,O1,AXBY,AX_,Post,0.375,0.200000000000017
9,28____,M,O1,AXBY,AX_,Pre,0.125,0.11000000000001363
9,28____,M,O1,AXBY,AX_,CSPre,0.625,1.2124999999999755
9,28____,M,O2,AB,B_O2,CS,2.5,2.175000000000011
9,28____,M,O2,AB,B_O2,Post,1,1.2249999999999093
9,28____,M,O2,AB,B_O2,Pre,0,0.06000000000000226
9,28____,M,O2,AB,B_O2,CSPre,2.5,2.1150000000000087
9,28____,M,O2,AXBY,BY_,CS,1.125,1.1700000000001014
9,28____,M,O2,AXBY,BY_,Post,0.625,0.5125000000000598
9,28____,M,O2,AXBY,BY_,Pre,0.25,0.9200000000000018
9,28____,M,O2,AXBY,BY_,CSPre,0.875,0.2500000000000996
9,29____,M,O1,AB,A_O1,CS,3,2.5099999999999905
9,29____,M,O1,AB,A_O1,Post,1,2.0150000000000006
9,29____,M,O1,AB,A_O1,Pre,0,0
9,29____,M,O1,AB,A_O1,CSPre,3,2.5099999999999905
9,29____,M,O1,AXBY,AX_,CS,0.625,0.7725000000000081
9,29____,M,O1,AXBY,AX_,Post,0.625,0.22749999999999906
9,29____,M,O1,AXBY,AX_,Pre,0.5,0.07749999999997217
9,29____,M,O1,AXBY,AX_,CSPre,0.125,0.6950000000000359
9,29____,M,O2,AB,B_O2,CS,2,2.1800000000001067
9,29____,M,O2,AB,B_O2,Post,1.75,2.959999999999873
9,29____,M,O2,AB,B_O2,Pre,0.25,0.6800000000000068
9,29____,M,O2,AB,B_O2,CSPre,1.75,1.5000000000001
9,29____,M,O2,AXBY,BY_,CS,1.125,1.4475000000000193
9,29____,M,O2,AXBY,BY_,Post,0.375,0.09500000000000958
9,29____,M,O2,AXBY,BY_,Pre,0,0
9,29____,M,O2,AXBY,BY_,CSPre,1.125,1.4475000000000193
9,3_____,F,O1,AB,A_O1,CS,1,1.3949999999999747
9,3_____,F,O1,AB,A_O1,Post,1.25,1.5050000000000452
9,3_____,F,O1,AB,A_O1,Pre,1,1.2449999999999477
9,3_____,F,O1,AB,A_O1,CSPre,0,0.150000000000027
9,3_____,F,O1,AXBY,AX_,CS,0.5,0.5299999999999585
9,3_____,F,O1,AXBY,AX_,Post,0.625,0.47250000000001063
9,3_____,F,O1,AXBY,AX_,Pre,0,0.34749999999999664
9,3_____,F,O1,AXBY,AX_,CSPre,0.5,0.18249999999996186
9,3_____,F,O2,AB,B_O2,CS,1.25,1.8149999999999478
9,3_____,F,O2,AB,B_O2,Post,2.25,1.9599999999998443
9,3_____,F,O2,AB,B_O2,Pre,0.5,1.1349999999999907
9,3_____,F,O2,AB,B_O2,CSPre,0.75,0.6799999999999571
9,3_____,F,O2,AXBY,BY_,CS,0.875,1.9749999999999375
9,3_____,F,O2,AXBY,BY_,Post,0.625,0.8000000000000113
9,3_____,F,O2,AXBY,BY_,Pre,0.25,0.41250000000002984
9,3_____,F,O2,AXBY,BY_,CSPre,0.625,1.5624999999999076
9,30____,M,O1,AB,A_O1,CS,0.5,4.945000000000007
9,30____,M,O1,AB,A_O1,Post,1.25,2.67999999999995
9,30____,M,O1,AB,A_O1,Pre,0.5,0.0900000000000035
9,30____,M,O1,AB,A_O1,CSPre,0,4.855000000000004
9,30____,M,O1,AXBY,AX_,CS,0,0
9,30____,M,O1,AXBY,AX_,Post,0.5,0.7350000000000135
9,30____,M,O1,AXBY,AX_,Pre,0.875,0.5725000000000051
9,30____,M,O1,AXBY,AX_,CSPre,-0.875,-0.5725000000000051
9,30____,M,O2,AB,B_O2,CS,0.25,3.444999999999993
9,30____,M,O2,AB,B_O2,Post,1.25,3.0100000000000477
9,30____,M,O2,AB,B_O2,Pre,0.25,0.125
9,30____,M,O2,AB,B_O2,CSPre,0,3.319999999999993
9,30____,M,O2,AXBY,BY_,CS,1.25,1.8475000000000392
9,30____,M,O2,AXBY,BY_,Post,0.25,1.0399999999999778
9,30____,M,O2,AXBY,BY_,Pre,0.25,0.13750000000000276
9,30____,M,O2,AXBY,BY_,CSPre,1,1.7100000000000364
9,31____,M,O1,AB,A_O1,CS,3.75,3.7700000000001523
9,31____,M,O1,AB,A_O1,Post,2.5,2.685000000000173
9,31____,M,O1,AB,A_O1,Pre,0,0.3700000000000045
9,31____,M,O1,AB,A_O1,CSPre,3.75,3.400000000000148
9,31____,M,O1,AXBY,AX_,CS,3.125,3.144999999999982
9,31____,M,O1,AXBY,AX_,Post,0.375,0.5699999999999577
9,31____,M,O1,AXBY,AX_,Pre,0.25,0.18999999999999773
9,31____,M,O1,AXBY,AX_,CSPre,2.875,2.954999999999984
9,31____,M,O2,AB,B_O2,CS,4,3.404999999999976
9,31____,M,O2,AB,B_O2,Post,2.5,4.36999999999999
9,31____,M,O2,AB,B_O2,Pre,0.25,0.5300000000000298
9,31____,M,O2,AB,B_O2,CSPre,3.75,2.874999999999946
9,31____,M,O2,AXBY,BY_,CS,2.125,3.07500000000001
9,31____,M,O2,AXBY,BY_,Post,1,1.2700000000000107
9,31____,M,O2,AXBY,BY_,Pre,0.125,0.10000000000000137
9,31____,M,O2,AXBY,BY_,CSPre,2,2.9750000000000085
9,32____,M,O1,AB,A_O1,CS,2.5,3.1850000000000875
9,32____,M,O1,AB,A_O1,Post,2.25,1.0049999999998962
9,32____,M,O1,AB,A_O1,Pre,0,0.5699999999999932
9,32____,M,O1,AB,A_O1,CSPre,2.5,2.6150000000000944
9,32____,M,O1,AXBY,AX_,CS,0.125,0.3149999999999978
9,32____,M,O1,AXBY,AX_,Post,0.75,0.6799999999999358
9,32____,M,O1,AXBY,AX_,Pre,0.5,0.8750000000000142
9,32____,M,O1,AXBY,AX_,CSPre,-0.375,-0.5600000000000165
9,32____,M,O2,AB,B_O2,CS,2.5,3.7350000000000136
9,32____,M,O2,AB,B_O2,Post,6,3.6099999999999572
9,32____,M,O2,AB,B_O2,Pre,0,0.375
9,32____,M,O2,AB,B_O2,CSPre,2.5,3.3600000000000136
9,32____,M,O2,AXBY,BY_,CS,0.5,1
9,32____,M,O2,AXBY,BY_,Post,0.125,0.7174999999999727
9,32____,M,O2,AXBY,BY_,Pre,0.125,0.02499999999997725
9,32____,M,O2,AXBY,BY_,CSPre,0.375,0.9750000000000227
9,33____,M,O1,AB,A_O1,CS,1.75,3.0450000000000155
9,33____,M,O1,AB,A_O1,Post,4,1.544999999999874
9,33____,M,O1,AB,A_O1,Pre,0,0
9,33____,M,O1,AB,A_O1,CSPre,1.75,3.0450000000000155
9,33____,M,O1,AXBY,AX_,CS,0.75,0.825000000000017
9,33____,M,O1,AXBY,AX_,Post,0.375,0.8599999999999995
9,33____,M,O1,AXBY,AX_,Pre,0.125,0.21750000000000114
9,33____,M,O1,AXBY,AX_,CSPre,0.625,0.6075000000000159
9,33____,M,O2,AB,B_O2,CS,2,2.7700000000000102
9,33____,M,O2,AB,B_O2,Post,4.25,2.230000000000039
9,33____,M,O2,AB,B_O2,Pre,0,0
9,33____,M,O2,AB,B_O2,CSPre,2,2.7700000000000102
9,33____,M,O2,AXBY,BY_,CS,0.5,1.6425000000000691
9,33____,M,O2,AXBY,BY_,Post,0.375,0.7300000000000184
9,33____,M,O2,AXBY,BY_,Pre,0,0
9,33____,M,O2,AXBY,BY_,CSPre,0.5,1.6425000000000691
9,4_____,F,O1,AB,A_O1,CS,1.25,2.730000000000114
9,4_____,F,O1,AB,A_O1,Post,0.25,0.7899999999999638
9,4_____,F,O1,AB,A_O1,Pre,0.25,0.010000000000001574
9,4_____,F,O1,AB,A_O1,CSPre,1,2.7200000000001125
9,4_____,F,O1,AXBY,AX_,CS,0.375,1.990000000000009
9,4_____,F,O1,AXBY,AX_,Post,0.5,0.6049999999999969
9,4_____,F,O1,AXBY,AX_,Pre,0.5,0.1974999999999839
9,4_____,F,O1,AXBY,AX_,CSPre,-0.125,1.7925000000000253
9,4_____,F,O2,AB,B_O2,CS,2.5,4.099999999999994
9,4_____,F,O2,AB,B_O2,Post,0.75,1.9599999999999795
9,4_____,F,O2,AB,B_O2,Pre,0,0
9,4_____,F,O2,AB,B_O2,CSPre,2.5,4.099999999999994
9,4_____,F,O2,AXBY,BY_,CS,1.125,3.487499999999958
9,4_____,F,O2,AXBY,BY_,Post,0.125,0.16749999999998982
9,4_____,F,O2,AXBY,BY_,Pre,0.75,0.6174999999999713
9,4_____,F,O2,AXBY,BY_,CSPre,0.375,2.869999999999987
9,5_____,F,O1,AB,A_O1,CS,3.5,3.7250000000000405
9,5_____,F,O1,AB,A_O1,Post,1.25,2.1150000000000055
9,5_____,F,O1,AB,A_O1,Pre,0.5,1.0849999999999795
9,5_____,F,O1,AB,A_O1,CSPre,3,2.640000000000061
9,5_____,F,O1,AXBY,AX_,CS,1.75,2.259999999999984
9,5_____,F,O1,AXBY,AX_,Post,1.25,0.9900000000000163
9,5_____,F,O1,AXBY,AX_,Pre,0.375,0.4624999999999915
9,5_____,F,O1,AXBY,AX_,CSPre,1.375,1.7974999999999923
9,5_____,F,O2,AB,B_O2,CS,3,2.7049999999998993
9,5_____,F,O2,AB,B_O2,Post,0.75,4.585000000000036
9,5_____,F,O2,AB,B_O2,Pre,0.5,0.06000000000000226
9,5_____,F,O2,AB,B_O2,CSPre,2.5,2.644999999999897
9,5_____,F,O2,AXBY,BY_,CS,0.625,1.2574999999999932
9,5_____,F,O2,AXBY,BY_,Post,0.875,0.6700000000000301
9,5_____,F,O2,AXBY,BY_,Pre,0,0
9,5_____,F,O2,AXBY,BY_,CSPre,0.625,1.2574999999999932
9,6_____,F,O1,AB,A_O1,CS,3.25,2.5850000000000364
9,6_____,F,O1,AB,A_O1,Post,0.25,0.8499999999999942
9,6_____,F,O1,AB,A_O1,Pre,0.25,0.01000000000004775
9,6_____,F,O1,AB,A_O1,CSPre,3,2.5749999999999886
9,6_____,F,O1,AXBY,AX_,CS,1.25,1.094999999999942
9,6_____,F,O1,AXBY,AX_,Post,0.5,0.8049999999999855
9,6_____,F,O1,AXBY,AX_,Pre,0,0
9,6_____,F,O1,AXBY,AX_,CSPre,1.25,1.094999999999942
9,6_____,F,O2,AB,B_O2,CS,2,2.0100000000001046
9,6_____,F,O2,AB,B_O2,Post,1.25,1.7300000000001035
9,6_____,F,O2,AB,B_O2,Pre,0.25,0.44499999999993634
9,6_____,F,O2,AB,B_O2,CSPre,1.75,1.5650000000001683
9,6_____,F,O2,AXBY,BY_,CS,0,0
9,6_____,F,O2,AXBY,BY_,Post,0,0
9,6_____,F,O2,AXBY,BY_,Pre,0.25,0.07500000000000275
9,6_____,F,O2,AXBY,BY_,CSPre,-0.25,-0.07500000000000275
9,7_____,F,O1,AB,A_O1,CS,3.5,2.029999999999888
9,7_____,F,O1,AB,A_O1,Post,1.5,0.739999999999952
9,7_____,F,O1,AB,A_O1,Pre,0,0
9,7_____,F,O1,AB,A_O1,CSPre,3.5,2.029999999999888
9,7_____,F,O1,AXBY,AX_,CS,0,0
9,7_____,F,O1,AXBY,AX_,Post,0.5,0.4250000000000185
9,7_____,F,O1,AXBY,AX_,Pre,1,1.2750000000000095
9,7_____,F,O1,AXBY,AX_,CSPre,-1,-1.2750000000000095
9,7_____,F,O2,AB,B_O2,CS,3.75,2.535000000000231
9,7_____,F,O2,AB,B_O2,Post,4.25,2.0450000000000728
9,7_____,F,O2,AB,B_O2,Pre,0,0
9,7_____,F,O2,AB,B_O2,CSPre,3.75,2.535000000000231
9,7_____,F,O2,AXBY,BY_,CS,0.625,1.024999999999963
9,7_____,F,O2,AXBY,BY_,Post,1.125,1.2524999999999409
9,7_____,F,O2,AXBY,BY_,Pre,0.25,0.5075000000000216
9,7_____,F,O2,AXBY,BY_,CSPre,0.375,0.5174999999999415
9,8_____,F,O1,AB,A_O1,CS,1,2.6600000000000463
9,8_____,F,O1,AB,A_O1,Post,1.25,1.204999999999984
9,8_____,F,O1,AB,A_O1,Pre,0.75,1.3199999999998653
9,8_____,F,O1,AB,A_O1,CSPre,0.25,1.340000000000181
9,8_____,F,O1,AXBY,AX_,CS,0.5,0.7350000000000136
9,8_____,F,O1,AXBY,AX_,Post,0.375,1.2724999999999653
9,8_____,F,O1,AXBY,AX_,Pre,0.25,0.29249999999998266
9,8_____,F,O1,AXBY,AX_,CSPre,0.25,0.442500000000031
9,8_____,F,O2,AB,B_O2,CS,1.5,3.7099999999999227
9,8_____,F,O2,AB,B_O2,Post,2,1.5600000000000023
9,8_____,F,O2,AB,B_O2,Pre,0.25,1.694999999999979
9,8_____,F,O2,AB,B_O2,CSPre,1.25,2.0149999999999437
9,8_____,F,O2,AXBY,BY_,CS,0.625,2.2649999999999793
9,8_____,F,O2,AXBY,BY_,Post,0.5,0.7799999999998873
9,8_____,F,O2,AXBY,BY_,Pre,0.5,1.0275000000001169
9,8_____,F,O2,AXBY,BY_,CSPre,0.125,1.2374999999998624
10,1_____,F,O1,AB,A_O1,CS,4.75,2.9249999999999616
10,1_____,F,O1,AB,A_O1,Post,2.25,1.9300000000000206
10,1_____,F,O1,AB,A_O1,Pre,0,0
10,1_____,F,O1,AB,A_O1,CSPre,4.75,2.9249999999999616
10,1_____,F,O1,AXBY,AX_,CS,2.25,1.7375000000000043
10,1_____,F,O1,AXBY,AX_,Post,1,1.2150000000000105
10,1_____,F,O1,AXBY,AX_,Pre,0.5,0.4699999999999952
10,1_____,F,O1,AXBY,AX_,CSPre,1.75,1.267500000000009
10,1_____,F,O2,AB,B_O2,CS,7,3.1650000000001905
10,1_____,F,O2,AB,B_O2,Post,1.5,1.7549999999999955
10,1_____,F,O2,AB,B_O2,Pre,0.25,0.0099999999999909
10,1_____,F,O2,AB,B_O2,CSPre,6.75,3.1550000000001996
10,1_____,F,O2,AXBY,BY_,CS,1.75,1.2574999999999648
10,1_____,F,O2,AXBY,BY_,Post,0.625,0.7400000000000305
10,1_____,F,O2,AXBY,BY_,Pre,0,0.625
10,1_____,F,O2,AXBY,BY_,CSPre,1.75,0.6324999999999648
10,2_____,F,O1,AB,A_O1,CS,4,2.1349999999998635
10,2_____,F,O1,AB,A_O1,Post,1.5,0.5349999999999396
10,2_____,F,O1,AB,A_O1,Pre,0.25,0.8550000000000182
10,2_____,F,O1,AB,A_O1,CSPre,3.75,1.2799999999998453
10,2_____,F,O1,AXBY,AX_,CS,0.375,0.5049999999999953
10,2_____,F,O1,AXBY,AX_,Post,0.375,0.1375000000000455
10,2_____,F,O1,AXBY,AX_,Pre,0.375,0.5875000000000057
10,2_____,F,O1,AXBY,AX_,CSPre,0,-0.08250000000001034
10,2_____,F,O2,AB,B_O2,CS,2,2.235000000000113
10,2_____,F,O2,AB,B_O2,Post,0.5,0.6050000000000181
10,2_____,F,O2,AB,B_O2,Pre,0,0.5399999999999635
10,2_____,F,O2,AB,B_O2,CSPre,2,1.6950000000001495
10,2_____,F,O2,AXBY,BY_,CS,0,0
10,2_____,F,O2,AXBY,BY_,Post,0.125,0.01999999999998175
10,2_____,F,O2,AXBY,BY_,Pre,0,0
10,2_____,F,O2,AXBY,BY_,CSPre,0,0
10,26____,M,O1,AB,A_O1,CS,1.5,3.424999999999983
10,26____,M,O1,AB,A_O1,Post,2,2.7249999999999375
10,26____,M,O1,AB,A_O1,Pre,0.25,0.0400000000000205
10,26____,M,O1,AB,A_O1,CSPre,1.25,3.3849999999999625
10,26____,M,O1,AXBY,AX_,CS,1.25,1.3500000000001364
10,26____,M,O1,AXBY,AX_,Post,0.25,0.5974999999999966
10,26____,M,O1,AXBY,AX_,Pre,0.125,0.34749999999999664
10,26____,M,O1,AXBY,AX_,CSPre,1.125,1.0025000000001398
10,26____,M,O2,AB,B_O2,CS,1.75,3.504999999999996
10,26____,M,O2,AB,B_O2,Post,5.25,4.009999999999991
10,26____,M,O2,AB,B_O2,Pre,0.25,0.05500000000000675
10,26____,M,O2,AB,B_O2,CSPre,1.5,3.449999999999989
10,26____,M,O2,AXBY,BY_,CS,0.375,1.697499999999991
10,26____,M,O2,AXBY,BY_,Post,0.375,0.6999999999999744
10,26____,M,O2,AXBY,BY_,Pre,0.375,0.4525000000000149
10,26____,M,O2,AXBY,BY_,CSPre,0,1.2449999999999761
10,27____,M,O1,AB,A_O1,CS,0.75,3.8499999999998953
10,27____,M,O1,AB,A_O1,Post,4,1.699999999999946
10,27____,M,O1,AB,A_O1,Pre,0,0
10,27____,M,O1,AB,A_O1,CSPre,0.75,3.8499999999998953
10,27____,M,O1,AXBY,AX_,CS,0.375,1.5124999999999886
10,27____,M,O1,AXBY,AX_,Post,0.375,1.6525000000000034
10,27____,M,O1,AXBY,AX_,Pre,0.125,0.02750000000000335
10,27____,M,O1,AXBY,AX_,CSPre,0.25,1.4849999999999852
10,27____,M,O2,AB,B_O2,CS,2.75,2.815000000000168
10,27____,M,O2,AB,B_O2,Post,3,0.7249999999999943
10,27____,M,O2,AB,B_O2,Pre,0,0
10,27____,M,O2,AB,B_O2,CSPre,2.75,2.815000000000168
10,27____,M,O2,AXBY,BY_,CS,0.25,0.6249999999999858
10,27____,M,O2,AXBY,BY_,Post,0.125,0.14250000000000002
10,27____,M,O2,AXBY,BY_,Pre,0.25,0.13000000000005227
10,27____,M,O2,AXBY,BY_,CSPre,0,0.4949999999999335
10,28____,M,O1,AB,A_O1,CS,2.5,2.439999999999955
10,28____,M,O1,AB,A_O1,Post,1.25,2.125000000000103
10,28____,M,O1,AB,A_O1,Pre,0,0
10,28____,M,O1,AB,A_O1,CSPre,2.5,2.439999999999955
10,28____,M,O1,AXBY,AX_,CS,0.375,0.19500000000005
10,28____,M,O1,AXBY,AX_,Post,0.125,0.20250000000000412
10,28____,M,O1,AXBY,AX_,Pre,0.375,0.10000000000000142
10,28____,M,O1,AXBY,AX_,CSPre,0,0.09500000000004857
10,28____,M,O2,AB,B_O2,CS,1.75,2.2449999999999477
10,28____,M,O2,AB,B_O2,Post,1,3.2849999999999397
10,28____,M,O2,AB,B_O2,Pre,1,0.2250000000000227
10,28____,M,O2,AB,B_O2,CSPre,0.75,2.019999999999925
10,28____,M,O2,AXBY,BY_,CS,0.25,0.2124999999999204
10,28____,M,O2,AXBY,BY_,Post,0.625,0.3075000000000471
10,28____,M,O2,AXBY,BY_,Pre,0,0
10,28____,M,O2,AXBY,BY_,CSPre,0.25,0.2124999999999204
10,29____,M,O1,AB,A_O1,CS,1.75,2.959999999999951
10,29____,M,O1,AB,A_O1,Post,0.75,1.480000000000018
10,29____,M,O1,AB,A_O1,Pre,0.25,0.18500000000000225
10,29____,M,O1,AB,A_O1,CSPre,1.5,2.774999999999949
10,29____,M,O1,AXBY,AX_,CS,0.375,0.7849999999999966
10,29____,M,O1,AXBY,AX_,Post,0.5,0.4125000000000157
10,29____,M,O1,AXBY,AX_,Pre,0.5,0.13500000000001938
10,29____,M,O1,AXBY,AX_,CSPre,-0.125,0.6499999999999773
10,29____,M,O2,AB,B_O2,CS,1.5,3.2299999999998903
10,29____,M,O2,AB,B_O2,Post,3.25,2.4799999999999613
10,29____,M,O2,AB,B_O2,Pre,0,0
10,29____,M,O2,AB,B_O2,CSPre,1.5,3.2299999999998903
10,29____,M,O2,AXBY,BY_,CS,1,0.9599999999999796
10,29____,M,O2,AXBY,BY_,Post,0.75,0.7050000000000196
10,29____,M,O2,AXBY,BY_,Pre,0.75,0.24249999999994995
10,29____,M,O2,AXBY,BY_,CSPre,0.25,0.7175000000000297
10,3_____,F,O1,AB,A_O1,CS,1.25,2.20499999999987
10,3_____,F,O1,AB,A_O1,Post,1.75,1.4749999999999088
10,3_____,F,O1,AB,A_O1,Pre,0,0
10,3_____,F,O1,AB,A_O1,CSPre,1.25,2.20499999999987
10,3_____,F,O1,AXBY,AX_,CS,0.375,1.3324999999999818
10,3_____,F,O1,AXBY,AX_,Post,0.125,0.6149999999999523
10,3_____,F,O1,AXBY,AX_,Pre,0.25,1.259999999999998
10,3_____,F,O1,AXBY,AX_,CSPre,0.125,0.0724999999999838
10,3_____,F,O2,AB,B_O2,CS,1.5,2.0200000000000107
10,3_____,F,O2,AB,B_O2,Post,4.5,3.374999999999943
10,3_____,F,O2,AB,B_O2,Pre,0.25,0.329999999999984
10,3_____,F,O2,AB,B_O2,CSPre,1.25,1.6900000000000266
10,3_____,F,O2,AXBY,BY_,CS,0.875,1.8199999999999648
10,3_____,F,O2,AXBY,BY_,Post,0.625,1.0300000000000011
10,3_____,F,O2,AXBY,BY_,Pre,0.125,0.4274999999999807
10,3_____,F,O2,AXBY,BY_,CSPre,0.75,1.392499999999984
10,30____,M,O1,AB,A_O1,CS,1.75,4.889999999999873
10,30____,M,O1,AB,A_O1,Post,2.5,2.2699999999999814
10,30____,M,O1,AB,A_O1,Pre,0.25,0.7350000000000421
10,30____,M,O1,AB,A_O1,CSPre,1.5,4.154999999999831
10,30____,M,O1,AXBY,AX_,CS,0.5,0.8849999999999909
10,30____,M,O1,AXBY,AX_,Post,0.375,1.0124999999999886
10,30____,M,O1,AXBY,AX_,Pre,0.5,0.315000000000012
10,30____,M,O1,AXBY,AX_,CSPre,0,0.569999999999979
10,30____,M,O2,AB,B_O2,CS,1,4.199999999999985
10,30____,M,O2,AB,B_O2,Post,3.25,2.4449999999997765
10,30____,M,O2,AB,B_O2,Pre,0.75,0.7000000000000455
10,30____,M,O2,AB,B_O2,CSPre,0.25,3.4999999999999396
10,30____,M,O2,AXBY,BY_,CS,0.75,1.9849999999999568
10,30____,M,O2,AXBY,BY_,Post,0.375,0.21500000000000338
10,30____,M,O2,AXBY,BY_,Pre,0.375,0.36250000000001137
10,30____,M,O2,AXBY,BY_,CSPre,0.375,1.6224999999999454
10,31____,M,O1,AB,A_O1,CS,3.75,4.170000000000044
10,31____,M,O1,AB,A_O1,Post,3.25,1.8550000000000466
10,31____,M,O1,AB,A_O1,Pre,0,0
10,31____,M,O1,AB,A_O1,CSPre,3.75,4.170000000000044
10,31____,M,O1,AXBY,AX_,CS,0.625,1.5499999999999259
10,31____,M,O1,AXBY,AX_,Post,0.25,0.9824999999999874
10,31____,M,O1,AXBY,AX_,Pre,0.375,0.13999999999997925
10,31____,M,O1,AXBY,AX_,CSPre,0.25,1.4099999999999466
10,31____,M,O2,AB,B_O2,CS,2.25,4.139999999999958
10,31____,M,O2,AB,B_O2,Post,1.5,2.299999999999926
10,31____,M,O2,AB,B_O2,Pre,0,0
10,31____,M,O2,AB,B_O2,CSPre,2.25,4.139999999999958
10,31____,M,O2,AXBY,BY_,CS,0.75,1.4074999999999849
10,31____,M,O2,AXBY,BY_,Post,0.375,0.26750000000004787
10,31____,M,O2,AXBY,BY_,Pre,0.25,0.17250000000001361
10,31____,M,O2,AXBY,BY_,CSPre,0.5,1.2349999999999712
10,32____,M,O1,AB,A_O1,CS,2.5,3.1799999999999784
10,32____,M,O1,AB,A_O1,Post,7.5,2.7850000000000534
10,32____,M,O1,AB,A_O1,Pre,0,0
10,32____,M,O1,AB,A_O1,CSPre,2.5,3.1799999999999784
10,32____,M,O1,AXBY,AX_,CS,0.875,0.5775000000000148
10,32____,M,O1,AXBY,AX_,Post,1.125,0.41500000000001336
10,32____,M,O1,AXBY,AX_,Pre,0.25,0.49750000000003064
10,32____,M,O1,AXBY,AX_,CSPre,0.625,0.07999999999998414
10,32____,M,O2,AB,B_O2,CS,2.25,3.1150000000001157
10,32____,M,O2,AB,B_O2,Post,1.5,3.630000000000031
10,32____,M,O2,AB,B_O2,Pre,0,0
10,32____,M,O2,AB,B_O2,CSPre,2.25,3.1150000000001157
10,32____,M,O2,AXBY,BY_,CS,0.5,0.7375000000000114
10,32____,M,O2,AXBY,BY_,Post,0.375,1.2375000000000114
10,32____,M,O2,AXBY,BY_,Pre,0.125,0.2724999999999795
10,32____,M,O2,AXBY,BY_,CSPre,0.375,0.4650000000000319
10,33____,M,O1,AB,A_O1,CS,1.75,3.8150000000000124
10,33____,M,O1,AB,A_O1,Post,5.25,1.8500000000000514
10,33____,M,O1,AB,A_O1,Pre,0,0
10,33____,M,O1,AB,A_O1,CSPre,1.75,3.8150000000000124
10,33____,M,O1,AXBY,AX_,CS,0.25,0.5824999999999818
10,33____,M,O1,AXBY,AX_,Post,0.125,0.654999999999994
10,33____,M,O1,AXBY,AX_,Pre,0.25,0.33750000000003416
10,33____,M,O1,AXBY,AX_,CSPre,0,0.24499999999994765
10,33____,M,O2,AB,B_O2,CS,2.5,3.1149999999998634
10,33____,M,O2,AB,B_O2,Post,4.5,1.9500000000000741
10,33____,M,O2,AB,B_O2,Pre,0,0
10,33____,M,O2,AB,B_O2,CSPre,2.5,3.1149999999998634
10,33____,M,O2,AXBY,BY_,CS,1,1.797499999999964
10,33____,M,O2,AXBY,BY_,Post,0.375,0.639999999999979
10,33____,M,O2,AXBY,BY_,Pre,0.125,0.23499999999995688
10,33____,M,O2,AXBY,BY_,CSPre,0.875,1.562500000000007
10,4_____,F,O1,AB,A_O1,CS,1.25,4.725000000000051
10,4_____,F,O1,AB,A_O1,Post,0.5,1.2749999999999206
10,4_____,F,O1,AB,A_O1,Pre,0,0
10,4_____,F,O1,AB,A_O1,CSPre,1.25,4.725000000000051
10,4_____,F,O1,AXBY,AX_,CS,0.125,0.06000000000000226
10,4_____,F,O1,AXBY,AX_,Post,0.5,0.24000000000000904
10,4_____,F,O1,AXBY,AX_,Pre,0.125,0.07999999999998413
10,4_____,F,O1,AXBY,AX_,CSPre,0,-0.019999999999981866
10,4_____,F,O2,AB,B_O2,CS,1.25,4.459999999999909
10,4_____,F,O2,AB,B_O2,Post,0.75,1.3800000000000523
10,4_____,F,O2,AB,B_O2,Pre,0,1.25
10,4_____,F,O2,AB,B_O2,CSPre,1.25,3.2099999999999094
10,4_____,F,O2,AXBY,BY_,CS,0.875,2.440000000000026
10,4_____,F,O2,AXBY,BY_,Post,0.75,1.5199999999999676
10,4_____,F,O2,AXBY,BY_,Pre,0,0
10,4_____,F,O2,AXBY,BY_,CSPre,0.875,2.440000000000026
10,5_____,F,O1,AB,A_O1,CS,4.25,1.78499999999994
10,5_____,F,O1,AB,A_O1,Post,0.75,3.1750000000001144
10,5_____,F,O1,AB,A_O1,Pre,0,0
10,5_____,F,O1,AB,A_O1,CSPre,4.25,1.78499999999994
10,5_____,F,O1,AXBY,AX_,CS,0.875,1.6025000000001055
10,5_____,F,O1,AXBY,AX_,Post,0.75,0.6475000000000647
10,5_____,F,O1,AXBY,AX_,Pre,0.375,0.260000000000005
10,5_____,F,O1,AXBY,AX_,CSPre,0.5,1.3425000000001006
10,5_____,F,O2,AB,B_O2,CS,1.75,3.5900000000000603
10,5_____,F,O2,AB,B_O2,Post,0.75,3.469999999999999
10,5_____,F,O2,AB,B_O2,Pre,0,0.1400000000000005
10,5_____,F,O2,AB,B_O2,CSPre,1.75,3.4500000000000597
10,5_____,F,O2,AXBY,BY_,CS,0.5,1.6574999999999884
10,5_____,F,O2,AXBY,BY_,Post,0.625,0.5749999999999922
10,5_____,F,O2,AXBY,BY_,Pre,1,0.26999999999999236
10,5_____,F,O2,AXBY,BY_,CSPre,-0.5,1.3874999999999962
10,6_____,F,O1,AB,A_O1,CS,3.25,2.2300000000001248
10,6_____,F,O1,AB,A_O1,Post,0.25,0.314999999999941
10,6_____,F,O1,AB,A_O1,Pre,0,0
10,6_____,F,O1,AB,A_O1,CSPre,3.25,2.2300000000001248
10,6_____,F,O1,AXBY,AX_,CS,1.375,1.6575000000001128
10,6_____,F,O1,AXBY,AX_,Post,0.125,0.3850000000000193
10,6_____,F,O1,AXBY,AX_,Pre,0.25,0.1825000000000046
10,6_____,F,O1,AXBY,AX_,CSPre,1.125,1.4750000000001082
10,6_____,F,O2,AB,B_O2,CS,4,3.0699999999999084
10,6_____,F,O2,AB,B_O2,Post,1,1.0799999999999557
10,6_____,F,O2,AB,B_O2,Pre,0,0
10,6_____,F,O2,AB,B_O2,CSPre,4,3.0699999999999084
10,6_____,F,O2,AXBY,BY_,CS,0.375,0.2375000000000681
10,6_____,F,O2,AXBY,BY_,Post,0.25,0.2125000000000199
10,6_____,F,O2,AXBY,BY_,Pre,0.375,1.0400000000000205
10,6_____,F,O2,AXBY,BY_,CSPre,0,-0.8024999999999524
10,7_____,F,O1,AB,A_O1,CS,2.75,2.7500000000001563
10,7_____,F,O1,AB,A_O1,Post,0.25,0.4250000000000325
10,7_____,F,O1,AB,A_O1,Pre,0.25,0.17999999999999983
10,7_____,F,O1,AB,A_O1,CSPre,2.5,2.5700000000001566
10,7_____,F,O1,AXBY,AX_,CS,0,0
10,7_____,F,O1,AXBY,AX_,Post,0.25,0.009999999999996238
10,7_____,F,O1,AXBY,AX_,Pre,0,0
10,7_____,F,O1,AXBY,AX_,CSPre,0,0
10,7_____,F,O2,AB,B_O2,CS,3.5,2.1249999999999853
10,7_____,F,O2,AB,B_O2,Post,0.75,1.8799999999999102
10,7_____,F,O2,AB,B_O2,Pre,0,0
10,7_____,F,O2,AB,B_O2,CSPre,3.5,2.1249999999999853
10,7_____,F,O2,AXBY,BY_,CS,0.5,0.7924999999999544
10,7_____,F,O2,AXBY,BY_,Post,0.125,0.045000000000001705
10,7_____,F,O2,AXBY,BY_,Pre,0.125,0.007500000000007388
10,7_____,F,O2,AXBY,BY_,CSPre,0.375,0.784999999999947
10,8_____,F,O1,AB,A_O1,CS,2,3.4750000000000085
10,8_____,F,O1,AB,A_O1,Post,2.75,2.414999999999921
10,8_____,F,O1,AB,A_O1,Pre,0,0.4349999999999455
10,8_____,F,O1,AB,A_O1,CSPre,2,3.040000000000063
10,8_____,F,O1,AXBY,AX_,CS,0.625,0.6200000000000045
10,8_____,F,O1,AXBY,AX_,Post,0.375,0.3899999999999936
10,8_____,F,O1,AXBY,AX_,Pre,0.375,0.6625000000000226
10,8_____,F,O1,AXBY,AX_,CSPre,0.25,-0.04250000000001808
10,8_____,F,O2,AB,B_O2,CS,3.5,2.1350000000000198
10,8_____,F,O2,AB,B_O2,Post,3.5,1.7900000000002478
10,8_____,F,O2,AB,B_O2,Pre,0.25,0.6800000000000638
10,8_____,F,O2,AB,B_O2,CSPre,3.25,1.454999999999956
10,8_____,F,O2,AXBY,BY_,CS,0.5,1.3075000000000048
10,8_____,F,O2,AXBY,BY_,Post,0.25,0.48999999999998056
10,8_____,F,O2,AXBY,BY_,Pre,0.375,1.3899999999999864
10,8_____,F,O2,AXBY,BY_,CSPre,0.125,-0.08249999999998159
