subject,date,drug,channel,uniqueID,includeSubj,trialexclude,trialNum,rewardMagnitude,responselatency,MagEntry10sPre,MagEntry10sPost,AUC5s,peak5s,latency2peak5s
29,20130227,SAL,0,29_20130227_0_SAL,TRUE,FALSE,1,2,0,2,3,12.7691731,0.99799273,3.6
29,20130227,SAL,0,29_20130227_0_SAL,TRUE,FALSE,2,1,9,0,3,6.775007907,0.804062934,1.5
29,20130227,SAL,0,29_20130227_0_SAL,TRUE,FALSE,3,4,16,3,4,11.60498227,1.374334039,4.2
29,20130227,SAL,0,29_20130227_0_SAL,TRUE,FALSE,4,1,47,1,5,18.6340742,0.786470156,4.9
29,20130227,SAL,0,29_20130227_0_SAL,TRUE,FALSE,5,4,12,4,3,7.300107311,0.727183158,1.5
29,20130227,SAL,0,29_20130227_0_SAL,TRUE,FALSE,6,2,0,6,3,0.574882723,0.757290685,1
29,20130227,SAL,0,29_20130227_0_SAL,TRUE,FALSE,7,4,13,3,2,12.66951314,1.784766175,4.3
29,20130227,SAL,0,29_20130227_0_SAL,TRUE,FALSE,8,2,13,1,2,7.70761899,0.602973788,1.7
29,20130227,SAL,0,29_20130227_0_SAL,TRUE,FALSE,9,1,8,2,4,4.581542672,0.398109598,1.6
29,20130227,SAL,0,29_20130227_0_SAL,TRUE,TRUE,10,2,37,3,3,0.120612193,0.340265509,0.7
29,20130227,SAL,0,29_20130227_0_SAL,TRUE,FALSE,11,1,1,6,11,10.50281988,0.750855322,5
29,20130227,SAL,0,29_20130227_0_SAL,TRUE,FALSE,12,4,4,1,1,15.13409671,0.920225538,4
29,20130301,LY,0,29_20130301_0_LY,TRUE,FALSE,1,2,10,0,3,8.372933813,0.938370758,1.3
29,20130301,LY,0,29_20130301_0_LY,TRUE,FALSE,2,1,31,2,1,3.886227814,0.3692251,0.8
29,20130301,LY,0,29_20130301_0_LY,TRUE,FALSE,3,4,5,0,4,4.055703925,0.498287948,1.3
29,20130301,LY,0,29_20130301_0_LY,TRUE,FALSE,4,1,11,0,6,8.749245321,0.553586046,1
29,20130301,LY,0,29_20130301_0_LY,TRUE,FALSE,5,4,4,0,1,-0.316678769,2.009091827,4.7
29,20130301,LY,0,29_20130301_0_LY,TRUE,FALSE,6,2,0,1,4,-2.544638674,0.856663892,2.1
29,20130301,LY,0,29_20130301_0_LY,TRUE,FALSE,7,4,27,1,3,15.50418808,0.669571643,2.1
29,20130301,LY,0,29_20130301_0_LY,TRUE,FALSE,8,2,19,3,4,0.010252327,0.335969268,0.9
29,20130301,LY,0,29_20130301_0_LY,TRUE,FALSE,9,1,29,0,3,17.11793162,0.669346354,4.9
29,20130301,LY,0,29_20130301_0_LY,TRUE,FALSE,10,2,4,2,2,3.885872713,0.9125276,4.9
29,20130301,LY,0,29_20130301_0_LY,TRUE,FALSE,11,1,3,3,1,-2.834281875,1.280840968,3
29,20130301,LY,0,29_20130301_0_LY,TRUE,FALSE,12,4,3,0,1,3.010861396,0.631401416,1.3
32,20130227,LY,0,32_20130227_0_LY,FALSE,FALSE,1,2,21,0,2,-2.817285662,0.286326567,1.1
32,20130227,LY,0,32_20130227_0_LY,FALSE,FALSE,2,1,4,0,6,9.177548903,0.707904714,4.2
32,20130227,LY,0,32_20130227_0_LY,FALSE,FALSE,3,4,47,1,3,-2.013570766,0.258698173,0.7
32,20130227,LY,0,32_20130227_0_LY,FALSE,FALSE,4,1,3,7,4,3.933358952,0.670326339,4.5
32,20130227,LY,0,32_20130227_0_LY,FALSE,FALSE,5,4,0,1,1,-8.663742517,1.77498511,4.5
32,20130227,LY,0,32_20130227_0_LY,FALSE,FALSE,6,2,32,0,3,15.03401872,0.604503223,3.9
32,20130227,LY,0,32_20130227_0_LY,FALSE,FALSE,7,4,0,2,1,11.58564298,2.126224247,4.5
32,20130227,LY,0,32_20130227_0_LY,FALSE,FALSE,8,2,0,5,3,-3.249696247,0.298361164,4.6
32,20130227,LY,0,32_20130227_0_LY,FALSE,FALSE,9,1,35,8,5,-0.655594046,0.751445456,3.1
32,20130227,LY,0,32_20130227_0_LY,FALSE,FALSE,10,2,18,2,4,6.244076924,1.009806152,3.9
32,20130227,LY,0,32_20130227_0_LY,FALSE,FALSE,11,1,26,0,4,7.247482497,0.929566021,3
32,20130227,LY,0,32_20130227_0_LY,FALSE,FALSE,12,4,8,1,2,-3.172092449,0.346511951,1.5
32,20130301,SAL,0,32_20130301_0_SAL,FALSE,FALSE,1,2,12,2,8,2.507278344,1.064916054,5
32,20130301,SAL,0,32_20130301_0_SAL,FALSE,FALSE,2,1,30,5,1,-3.357813138,0.408168992,1.6
32,20130301,SAL,0,32_20130301_0_SAL,FALSE,FALSE,3,4,14,2,7,-2.241153677,0.739302811,3.5
32,20130301,SAL,0,32_20130301_0_SAL,FALSE,FALSE,4,1,5,2,6,5.225654042,0.675970709,4.6
32,20130301,SAL,0,32_20130301_0_SAL,FALSE,FALSE,5,4,12,1,2,-9.817051418,0.229409674,1.2
32,20130301,SAL,0,32_20130301_0_SAL,FALSE,FALSE,6,2,6,4,4,-2.316983059,0.511278641,4.4
32,20130301,SAL,0,32_20130301_0_SAL,FALSE,FALSE,7,4,5,1,5,-15.6553318,0.265252979,1.1
32,20130301,SAL,0,32_20130301_0_SAL,FALSE,FALSE,8,2,3,2,6,-7.918405942,0.96141117,3.8
32,20130301,SAL,0,32_20130301_0_SAL,FALSE,FALSE,9,1,14,2,2,-0.455799174,0.432114504,2.6
32,20130301,SAL,0,32_20130301_0_SAL,FALSE,FALSE,10,2,5,3,6,-4.873115878,1.035686734,3.7
32,20130301,SAL,0,32_20130301_0_SAL,FALSE,FALSE,11,1,31,4,2,6.602981319,0.539411663,1.5
32,20130301,SAL,0,32_20130301_0_SAL,FALSE,FALSE,12,4,7,5,1,9.303730942,0.854558055,4.2
34,20130227,LY,0,34_20130227_0_LY,TRUE,FALSE,1,2,12,0,3,6.040393878,0.900524149,1.6
34,20130227,LY,0,34_20130227_0_LY,TRUE,FALSE,2,1,2,0,3,5.111606157,0.923518351,0.7
34,20130227,LY,0,34_20130227_0_LY,TRUE,FALSE,3,4,6,0,9,24.25518729,1.677677558,4.8
34,20130227,LY,0,34_20130227_0_LY,TRUE,FALSE,4,1,1,0,8,6.642286421,0.747293,4.8
34,20130227,LY,0,34_20130227_0_LY,TRUE,TRUE,5,4,2,0,2,23.76611365,1.57932053,5
34,20130227,LY,0,34_20130227_0_LY,TRUE,FALSE,6,2,20,0,11,10.65494736,0.964695513,1.4
34,20130227,LY,0,34_20130227_0_LY,TRUE,FALSE,7,4,20,0,6,32.23525114,1.100410228,1.6
34,20130227,LY,0,34_20130227_0_LY,TRUE,FALSE,8,2,6,0,7,18.24887524,1.223552343,3.2
34,20130227,LY,0,34_20130227_0_LY,TRUE,FALSE,9,1,1,2,3,7.183782204,1.652953584,3.4
34,20130227,LY,0,34_20130227_0_LY,TRUE,FALSE,10,2,1,0,2,18.0808361,2.34467102,4.8
34,20130227,LY,0,34_20130227_0_LY,TRUE,FALSE,11,1,3,1,5,12.52015155,2.023224083,4.1
34,20130227,LY,0,34_20130227_0_LY,TRUE,TRUE,12,4,1,12,1,13.61296858,0.856868753,0.9
34,20130301,SAL,0,34_20130301_0_SAL,TRUE,FALSE,1,2,6,0,2,-15.53146834,2.056609584,0.6
34,20130301,SAL,0,34_20130301_0_SAL,TRUE,FALSE,2,1,11,8,1,-0.480511823,0.795175908,3.9
34,20130301,SAL,0,34_20130301_0_SAL,TRUE,FALSE,3,4,2,6,1,-5.327042897,1.694464448,3.9
34,20130301,SAL,0,34_20130301_0_SAL,TRUE,FALSE,4,1,2,0,2,2.194344129,0.828481511,2.6
34,20130301,SAL,0,34_20130301_0_SAL,TRUE,FALSE,5,4,6,0,1,5.97529513,0.65082525,0.9
34,20130301,SAL,0,34_20130301_0_SAL,TRUE,FALSE,6,2,1,0,2,1.998075089,1.390814497,5
34,20130301,SAL,0,34_20130301_0_SAL,TRUE,FALSE,7,4,1,3,1,12.21048435,0.995730562,1
34,20130301,SAL,0,34_20130301_0_SAL,TRUE,FALSE,8,2,3,0,1,20.3120337,2.820989371,4.9
34,20130301,SAL,0,34_20130301_0_SAL,TRUE,FALSE,9,1,3,4,4,1.149862652,0.919901146,4.6
34,20130301,SAL,0,34_20130301_0_SAL,TRUE,FALSE,10,2,0,2,0,0.811236996,1.459577344,3.7
34,20130301,SAL,0,34_20130301_0_SAL,TRUE,FALSE,11,1,1,3,2,1.705816366,1.28244664,4.4
34,20130301,SAL,0,34_20130301_0_SAL,TRUE,FALSE,12,4,5,4,1,4.888012097,2.386797311,3.6
52,20130911,SAL,0,52_20130911_0_SAL,TRUE,FALSE,1,2,19,0,2,8.383239425,0.739580103,1
52,20130911,SAL,0,52_20130911_0_SAL,TRUE,FALSE,2,1,13,0,1,0.624418233,0.535460286,1.6
52,20130911,SAL,0,52_20130911_0_SAL,TRUE,FALSE,3,4,23,0,2,12.6007459,0.802355759,1.9
52,20130911,SAL,0,52_20130911_0_SAL,TRUE,FALSE,4,1,11,1,2,12.3760996,0.570022101,2
52,20130911,SAL,0,52_20130911_0_SAL,TRUE,FALSE,5,4,10,0,4,11.06239227,0.819615021,4.3
52,20130911,SAL,0,52_20130911_0_SAL,TRUE,FALSE,6,2,18,0,2,4.364945872,0.566613091,0.9
52,20130911,SAL,0,52_20130911_0_SAL,TRUE,FALSE,7,4,18,0,2,12.81557955,0.633659073,4.2
52,20130911,SAL,0,52_20130911_0_SAL,TRUE,FALSE,8,2,16,0,2,8.155271319,1.389636605,4.6
52,20130911,SAL,0,52_20130911_0_SAL,TRUE,TRUE,9,1,46,3,3,5.619617168,0.460138944,1.1
52,20130911,SAL,0,52_20130911_0_SAL,TRUE,FALSE,10,2,5,1,1,23.30108531,1.031604372,4.4
52,20130911,SAL,0,52_20130911_0_SAL,TRUE,FALSE,11,1,20,2,1,14.61649374,0.637173778,5
52,20130911,SAL,0,52_20130911_0_SAL,TRUE,FALSE,12,4,10,0,1,-0.163983058,0.744634963,1.8
52,20130913,LY,0,52_20130913_0_LY,TRUE,FALSE,1,2,2,2,7,8.959249372,0.638921584,1.5
52,20130913,LY,0,52_20130913_0_LY,TRUE,FALSE,2,1,627,0,0,-2.652098935,0.28161885,0.4
52,20130913,LY,0,52_20130913_0_LY,TRUE,FALSE,3,4,21,0,1,15.49498477,1.225044796,4
52,20130913,LY,0,52_20130913_0_LY,TRUE,FALSE,4,1,399,0,0,11.46729615,1.110367608,4.4
52,20130913,LY,0,52_20130913_0_LY,TRUE,FALSE,5,4,3,6,1,0.751004956,0.422716718,1.1
52,20130913,LY,0,52_20130913_0_LY,TRUE,FALSE,6,2,16,4,9,11.80435799,0.610880589,1
52,20130913,LY,0,52_20130913_0_LY,TRUE,FALSE,7,4,4,1,7,1.107009096,0.360033937,0.5
52,20130913,LY,0,52_20130913_0_LY,TRUE,FALSE,8,2,0,8,4,6.650239356,0.511231926,1.5
52,20130913,LY,0,52_20130913_0_LY,TRUE,FALSE,9,1,3,8,6,6.346229841,0.37433377,1.4
52,20130913,LY,0,52_20130913_0_LY,TRUE,FALSE,10,2,1,1,5,5.591130043,0.594821031,3.3
52,20130913,LY,0,52_20130913_0_LY,TRUE,FALSE,11,1,2,3,6,5.664378269,0.734136674,4.3
52,20130913,LY,0,52_20130913_0_LY,TRUE,FALSE,12,4,4,2,1,9.311913214,0.697114379,4.7
54,20140617,LY,0,54_20140617_0_LY,TRUE,FALSE,1,2,48,0,1,9.393502678,0.446751633,2.2
54,20140617,LY,0,54_20140617_0_LY,TRUE,FALSE,2,1,3,0,5,16.19779782,0.829150877,3.6
54,20140617,LY,0,54_20140617_0_LY,TRUE,TRUE,3,4,5,1,1,6.892173705,0.585809714,4.7
54,20140617,LY,0,54_20140617_0_LY,TRUE,FALSE,4,1,45,0,3,14.57804311,0.540131083,2.2
54,20140617,LY,0,54_20140617_0_LY,TRUE,TRUE,5,4,11,1,3,1.309324954,0.667411059,2.7
54,20140617,LY,0,54_20140617_0_LY,TRUE,FALSE,6,2,0,4,0,4.293422033,0.939739247,1.5
54,20140617,LY,0,54_20140617_0_LY,TRUE,FALSE,7,4,5,2,2,21.07076957,2.780136633,4.3
54,20140617,LY,0,54_20140617_0_LY,TRUE,FALSE,8,2,3,6,2,9.876148789,0.524623959,1.8
54,20140617,LY,0,54_20140617_0_LY,TRUE,FALSE,9,1,6,4,4,2.997934414,0.467082494,1.4
54,20140617,LY,0,54_20140617_0_LY,TRUE,FALSE,10,2,0,2,1,1.169872632,1.112390367,4.5
54,20140617,LY,0,54_20140617_0_LY,TRUE,FALSE,11,1,0,6,0,-10.36037302,0.391742638,3.9
54,20140617,LY,0,54_20140617_0_LY,TRUE,FALSE,12,4,2,3,1,15.66126353,0.852572046,0.8
54,20140619,SAL,0,54_20140619_0_SAL,TRUE,FALSE,1,2,21,1,1,8.771980283,0.604755017,2.6
54,20140619,SAL,0,54_20140619_0_SAL,TRUE,FALSE,2,1,6,1,4,-1.471307563,0.457985411,1.1
54,20140619,SAL,0,54_20140619_0_SAL,TRUE,FALSE,3,4,7,3,1,1.125061517,1.555985465,3.4
54,20140619,SAL,0,54_20140619_0_SAL,TRUE,FALSE,4,1,11,1,3,-2.515753553,0.230161474,1.1
54,20140619,SAL,0,54_20140619_0_SAL,TRUE,FALSE,5,4,2,2,1,-3.603020547,0.879043483,3.9
54,20140619,SAL,0,54_20140619_0_SAL,TRUE,FALSE,6,2,4,2,1,-8.24610423,0.47203867,2.8
54,20140619,SAL,0,54_20140619_0_SAL,TRUE,FALSE,7,4,10,5,2,4.366410434,0.575091195,0.8
54,20140619,SAL,0,54_20140619_0_SAL,TRUE,FALSE,8,2,6,5,3,3.645090467,1.266077766,1.1
54,20140619,SAL,0,54_20140619_0_SAL,TRUE,TRUE,9,1,24,2,4,13.50443006,0.776819206,3
54,20140619,SAL,0,54_20140619_0_SAL,TRUE,FALSE,10,2,7,2,2,11.6795481,1.451598114,3.8
54,20140619,SAL,0,54_20140619_0_SAL,TRUE,FALSE,11,1,21,2,3,11.23710088,0.874895783,2.4
54,20140619,SAL,0,54_20140619_0_SAL,TRUE,FALSE,12,4,5,1,1,-0.209929449,1.129406159,4.1
55,20140617,SAL,0,55_20140617_0_SAL,FALSE,FALSE,1,2,13,0,2,10.50995572,0.78982024,1.2
55,20140617,SAL,0,55_20140617_0_SAL,FALSE,FALSE,2,1,6,1,3,-19.66789328,0.460214685,0.4
55,20140617,SAL,0,55_20140617_0_SAL,FALSE,FALSE,3,4,13,2,4,-13.22712572,0.458630711,0.7
55,20140617,SAL,0,55_20140617_0_SAL,FALSE,FALSE,4,1,20,0,4,-13.32477231,0.460888743,1.1
55,20140617,SAL,0,55_20140617_0_SAL,FALSE,FALSE,5,4,6,0,4,-19.06731971,0.439346884,4.3
55,20140617,SAL,0,55_20140617_0_SAL,FALSE,FALSE,6,2,6,0,3,-28.35483383,0.221625474,0.2
55,20140617,SAL,0,55_20140617_0_SAL,FALSE,TRUE,7,4,0,1,3,-37.79459267,-0.383343818,3
55,20140617,SAL,0,55_20140617_0_SAL,FALSE,FALSE,8,2,17,3,2,-25.24979008,0.091643175,0.1
55,20140617,SAL,0,55_20140617_0_SAL,FALSE,FALSE,9,1,4,1,2,-26.03539067,0.711990053,0.8
55,20140617,SAL,0,55_20140617_0_SAL,FALSE,TRUE,10,2,23,1,3,-28.05964289,0.189684211,2.7
55,20140617,SAL,0,55_20140617_0_SAL,FALSE,FALSE,11,1,14,3,3,-5.303741122,0.566928083,0.6
55,20140617,SAL,0,55_20140617_0_SAL,FALSE,TRUE,12,4,4,3,1,-34.85899607,0.271554875,1.2
55,20140619,LY,0,55_20140619_0_LY,FALSE,FALSE,1,2,12,0,4,8.211891355,0.994589856,4.3
55,20140619,LY,0,55_20140619_0_LY,FALSE,FALSE,2,1,30,0,2,9.27575814,0.592693392,0.8
55,20140619,LY,0,55_20140619_0_LY,FALSE,TRUE,3,4,10,0,3,16.77665636,1.265120753,3.8
55,20140619,LY,0,55_20140619_0_LY,FALSE,FALSE,4,1,17,2,3,14.3415921,0.829935187,2
55,20140619,LY,0,55_20140619_0_LY,FALSE,FALSE,5,4,9,0,2,7.71182943,0.697986225,2.5
55,20140619,LY,0,55_20140619_0_LY,FALSE,FALSE,6,2,27,2,2,23.7065682,1.206145795,3.4
55,20140619,LY,0,55_20140619_0_LY,FALSE,FALSE,7,4,14,0,2,14.74661888,0.923282596,4.9
55,20140619,LY,0,55_20140619_0_LY,FALSE,FALSE,8,2,6,0,6,-5.021535819,0.290797173,0.4
55,20140619,LY,0,55_20140619_0_LY,FALSE,FALSE,9,1,4,0,3,7.595265898,0.519392034,0.9
55,20140619,LY,0,55_20140619_0_LY,FALSE,FALSE,10,2,4,0,2,8.225101212,1.444557845,2.6
55,20140619,LY,0,55_20140619_0_LY,FALSE,FALSE,11,1,2,0,3,-0.371303674,0.948390124,3.3
55,20140619,LY,0,55_20140619_0_LY,FALSE,FALSE,12,4,3,0,1,1.269223192,0.592895894,0.4
56,20140617,LY,0,56_20140617_0_LY,TRUE,FALSE,1,2,10,0,4,-8.046314877,0.267202848,0.7
56,20140617,LY,0,56_20140617_0_LY,TRUE,FALSE,2,1,5,2,2,-1.67068254,0.28368451,0.8
56,20140617,LY,0,56_20140617_0_LY,TRUE,FALSE,3,4,8,1,5,4.893668516,0.686793122,1.7
56,20140617,LY,0,56_20140617_0_LY,TRUE,FALSE,4,1,4,0,5,-5.60633775,0.404099665,1.2
56,20140617,LY,0,56_20140617_0_LY,TRUE,FALSE,5,4,25,2,5,11.30401366,0.592368041,3
56,20140617,LY,0,56_20140617_0_LY,TRUE,FALSE,6,2,2,3,5,9.435509247,0.743506931,3.3
56,20140617,LY,0,56_20140617_0_LY,TRUE,FALSE,7,4,5,1,5,8.543598022,1.136920016,3.7
56,20140617,LY,0,56_20140617_0_LY,TRUE,FALSE,8,2,6,0,5,-27.95705914,0.060301659,0.1
56,20140617,LY,0,56_20140617_0_LY,TRUE,FALSE,9,1,3,0,4,0.011749892,0.304634246,4.4
56,20140617,LY,0,56_20140617_0_LY,TRUE,FALSE,10,2,7,0,4,-8.242651927,0.57145482,1.7
56,20140617,LY,0,56_20140617_0_LY,TRUE,FALSE,11,1,0,1,1,8.969782439,0.34106251,3.6
56,20140617,LY,0,56_20140617_0_LY,TRUE,FALSE,12,4,3,0,1,1.112046332,1.173353682,3.5
56,20140619,SAL,0,56_20140619_0_SAL,TRUE,FALSE,1,2,8,0,4,3.904114407,0.473592259,1.5
56,20140619,SAL,0,56_20140619_0_SAL,TRUE,FALSE,2,1,0,3,5,0.329462953,0.292734334,1.2
56,20140619,SAL,0,56_20140619_0_SAL,TRUE,FALSE,3,4,0,2,2,10.53607053,0.556122835,2
56,20140619,SAL,0,56_20140619_0_SAL,TRUE,FALSE,4,1,1,7,6,9.694758449,0.573368159,0.9
56,20140619,SAL,0,56_20140619_0_SAL,TRUE,FALSE,5,4,16,0,3,12.49903836,0.631581288,2.3
56,20140619,SAL,0,56_20140619_0_SAL,TRUE,FALSE,6,2,6,0,1,4.200984262,0.443458531,1.4
56,20140619,SAL,0,56_20140619_0_SAL,TRUE,FALSE,7,4,10,2,2,13.99061544,0.888914791,3.7
56,20140619,SAL,0,56_20140619_0_SAL,TRUE,FALSE,8,2,14,3,2,13.06794757,1.22444905,4.4
56,20140619,SAL,0,56_20140619_0_SAL,TRUE,FALSE,9,1,6,3,3,13.40537954,0.57510531,2.5
56,20140619,SAL,0,56_20140619_0_SAL,TRUE,FALSE,10,2,9,0,2,6.928341584,0.392109965,3.7
56,20140619,SAL,0,56_20140619_0_SAL,TRUE,FALSE,11,1,9,3,2,3.400027909,0.307550215,0.8
56,20140619,SAL,0,56_20140619_0_SAL,TRUE,FALSE,12,4,0,4,0,10.76471448,0.924226557,4.2
57,20140618,SAL,0,57_20140618_0_SAL,TRUE,FALSE,1,2,12,0,3,3.935551173,0.369881172,1.1
57,20140618,SAL,0,57_20140618_0_SAL,TRUE,TRUE,2,1,4,0,3,7.145173575,0.455329764,0.8
57,20140618,SAL,0,57_20140618_0_SAL,TRUE,FALSE,3,4,62,0,1,7.664583191,0.513909889,0.6
57,20140618,SAL,0,57_20140618_0_SAL,TRUE,FALSE,4,1,24,0,4,3.342112831,0.357981907,0.6
57,20140618,SAL,0,57_20140618_0_SAL,TRUE,TRUE,5,4,6,0,3,5.541345432,0.637148721,3.4
57,20140618,SAL,0,57_20140618_0_SAL,TRUE,FALSE,6,2,0,0,1,9.881209008,1.703441721,3
57,20140618,SAL,0,57_20140618_0_SAL,TRUE,FALSE,7,4,11,0,4,3.835111404,1.15306057,1.8
57,20140618,SAL,0,57_20140618_0_SAL,TRUE,FALSE,8,2,7,4,9,5.151157826,0.541538416,2.6
57,20140618,SAL,0,57_20140618_0_SAL,TRUE,FALSE,9,1,4,3,5,0.38357576,0.569582305,0.9
57,20140618,SAL,0,57_20140618_0_SAL,TRUE,FALSE,10,2,10,6,5,7.158211104,0.709254256,3.2
57,20140618,SAL,0,57_20140618_0_SAL,TRUE,TRUE,11,1,9,9,5,12.30041164,0.89416591,2.8
57,20140618,SAL,0,57_20140618_0_SAL,TRUE,FALSE,12,4,10,0,1,8.421599534,1.078686092,1.7
57,20140620,LY,0,57_20140620_0_LY,TRUE,FALSE,1,2,2,3,5,27.67495985,1.244543985,4.1
57,20140620,LY,0,57_20140620_0_LY,TRUE,FALSE,2,1,3,3,6,13.09560113,1.093020574,3.2
57,20140620,LY,0,57_20140620_0_LY,TRUE,FALSE,3,4,0,7,2,28.7429553,1.161251967,2
57,20140620,LY,0,57_20140620_0_LY,TRUE,TRUE,4,1,12,0,5,-10.03726405,0.000206605,0.4
57,20140620,LY,0,57_20140620_0_LY,TRUE,FALSE,5,4,0,7,2,37.4477419,1.765349958,1.8
57,20140620,LY,0,57_20140620_0_LY,TRUE,FALSE,6,2,12,7,4,24.77019298,1.200133048,1.8
57,20140620,LY,0,57_20140620_0_LY,TRUE,FALSE,7,4,17,5,3,23.53666367,1.90713662,4.1
57,20140620,LY,0,57_20140620_0_LY,TRUE,FALSE,8,2,3,0,5,16.91258618,1.173238128,5
57,20140620,LY,0,57_20140620_0_LY,TRUE,FALSE,9,1,0,5,6,19.26753886,1.213912777,0.7
57,20140620,LY,0,57_20140620_0_LY,TRUE,FALSE,10,2,3,2,1,26.79666844,1.124353319,4.2
57,20140620,LY,0,57_20140620_0_LY,TRUE,FALSE,11,1,0,8,1,11.34750177,1.045201025,2.9
57,20140620,LY,0,57_20140620_0_LY,TRUE,FALSE,12,4,4,6,1,13.3530683,0.844788211,4.5
58,20140618,LY,0,58_20140618_0_LY,TRUE,FALSE,1,2,6,0,5,19.15856396,0.96752961,1.9
58,20140618,LY,0,58_20140618_0_LY,TRUE,FALSE,2,1,4,2,3,57.09097442,2.317961938,1
58,20140618,LY,0,58_20140618_0_LY,TRUE,FALSE,3,4,21,3,1,43.65389766,1.542968203,3
58,20140618,LY,0,58_20140618_0_LY,TRUE,FALSE,4,1,52,0,2,22.81130171,1.207477053,1.2
58,20140618,LY,0,58_20140618_0_LY,TRUE,FALSE,5,4,3,0,2,21.21244163,1.513625775,4.2
58,20140618,LY,0,58_20140618_0_LY,TRUE,FALSE,6,2,7,2,5,36.55333147,1.641167771,1.4
58,20140618,LY,0,58_20140618_0_LY,TRUE,FALSE,7,4,15,2,1,49.11742343,3.190532786,1.6
58,20140618,LY,0,58_20140618_0_LY,TRUE,FALSE,8,2,3,2,4,10.57307177,1.159905161,1.3
58,20140618,LY,0,58_20140618_0_LY,TRUE,FALSE,9,1,31,4,3,17.81104857,0.945409189,1.4
58,20140618,LY,0,58_20140618_0_LY,TRUE,FALSE,10,2,2,1,5,19.87298789,1.384131402,1.2
58,20140618,LY,0,58_20140618_0_LY,TRUE,FALSE,11,1,1,0,4,4.042973823,0.844280821,0.6
58,20140618,LY,0,58_20140618_0_LY,TRUE,FALSE,12,4,6,3,1,23.81928631,1.423497653,1.5
58,20140620,SAL,0,58_20140620_0_SAL,TRUE,FALSE,1,2,28,3,1,9.72899535,1.048512348,3.3
58,20140620,SAL,0,58_20140620_0_SAL,TRUE,FALSE,2,1,3,1,4,-1.729529075,0.730562662,0.7
58,20140620,SAL,0,58_20140620_0_SAL,TRUE,FALSE,3,4,10,1,2,7.09293568,0.677284023,3
58,20140620,SAL,0,58_20140620_0_SAL,TRUE,FALSE,4,1,2,5,1,-1.240267692,0.590405886,0.9
58,20140620,SAL,0,58_20140620_0_SAL,TRUE,FALSE,5,4,3,2,1,-3.48464153,0.393556604,0.6
58,20140620,SAL,0,58_20140620_0_SAL,TRUE,FALSE,6,2,5,2,1,18.8288708,0.947170249,1
58,20140620,SAL,0,58_20140620_0_SAL,TRUE,FALSE,7,4,2,4,3,2.336340327,0.8699154,2.4
58,20140620,SAL,0,58_20140620_0_SAL,TRUE,FALSE,8,2,0,5,0,-1.820544899,0.49202564,1
58,20140620,SAL,0,58_20140620_0_SAL,TRUE,FALSE,9,1,0,1,2,3.300298283,0.802006069,3.8
58,20140620,SAL,0,58_20140620_0_SAL,TRUE,FALSE,10,2,5,1,6,10.32840275,0.865154276,3.9
58,20140620,SAL,0,58_20140620_0_SAL,TRUE,FALSE,11,1,0,6,0,10.21006798,0.677112777,2.5
58,20140620,SAL,0,58_20140620_0_SAL,TRUE,FALSE,12,4,0,4,0,10.9966842,1.056810007,1.2
69,20141209,LY,0,69_20141209_0_LY,TRUE,FALSE,1,2,14,0,2,61.11885751,2.156921562,2.1
69,20141209,LY,0,69_20141209_0_LY,TRUE,FALSE,2,1,4,8,2,39.6017341,1.383378473,2.1
69,20141209,LY,0,69_20141209_0_LY,TRUE,FALSE,3,4,6,0,1,72.63939857,2.465460548,3.1
69,20141209,LY,0,69_20141209_0_LY,TRUE,FALSE,4,1,1,3,2,7.363992006,0.892764861,1.4
69,20141209,LY,0,69_20141209_0_LY,TRUE,TRUE,5,4,2,3,1,46.00013619,1.673023994,4.8
69,20141209,LY,0,69_20141209_0_LY,TRUE,FALSE,6,2,1,2,1,40.75209606,1.490120576,1.1
69,20141209,LY,0,69_20141209_0_LY,TRUE,FALSE,7,4,4,3,1,60.88210845,2.771769749,4.7
69,20141209,LY,0,69_20141209_0_LY,TRUE,FALSE,8,2,150,6,0,27.47921651,2.113337362,0.7
69,20141209,LY,0,69_20141209_0_LY,TRUE,FALSE,9,1,3,8,2,28.35614886,1.401580066,1
69,20141209,LY,0,69_20141209_0_LY,TRUE,FALSE,10,2,6,3,1,28.96065123,1.125382447,1
69,20141209,LY,0,69_20141209_0_LY,TRUE,FALSE,11,1,4,5,1,24.27423201,1.303992635,1.7
69,20141209,LY,0,69_20141209_0_LY,TRUE,FALSE,12,4,4,3,1,41.9464215,1.529967824,1.2
69,20141211,SAL,0,69_20141211_0_SAL,TRUE,FALSE,1,2,0,3,1,26.12061794,1.041717578,1.2
69,20141211,SAL,0,69_20141211_0_SAL,TRUE,FALSE,2,1,2,2,1,23.41375077,1.263217124,4.3
69,20141211,SAL,0,69_20141211_0_SAL,TRUE,FALSE,3,4,0,3,0,32.36752859,1.952976132,3.9
69,20141211,SAL,0,69_20141211_0_SAL,TRUE,FALSE,4,1,0,3,0,1.121544259,2.410234734,0.7
69,20141211,SAL,0,69_20141211_0_SAL,TRUE,FALSE,5,4,5,5,1,43.42251854,1.869539173,2.7
69,20141211,SAL,0,69_20141211_0_SAL,TRUE,FALSE,6,2,0,3,0,20.58155483,0.968457625,3.8
69,20141211,SAL,0,69_20141211_0_SAL,TRUE,FALSE,7,4,15,3,1,11.59775031,2.21171927,4.6
69,20141211,SAL,0,69_20141211_0_SAL,TRUE,FALSE,8,2,16,4,1,37.35005079,1.375581437,2.8
69,20141211,SAL,0,69_20141211_0_SAL,TRUE,FALSE,9,1,9,1,1,5.365657622,0.563510373,2.1
69,20141211,SAL,0,69_20141211_0_SAL,TRUE,FALSE,10,2,8,5,3,15.57420612,0.74000586,1
69,20141211,SAL,0,69_20141211_0_SAL,TRUE,FALSE,11,1,0,2,1,5.214405198,0.876291964,1.5
69,20141211,SAL,0,69_20141211_0_SAL,TRUE,FALSE,12,4,10,1,1,29.56724229,1.198775317,3.7
71,20141212,SAL,0,71_20141212_0_SAL,FALSE,FALSE,1,2,5,0,2,27.67549619,1.16498323,1.2
71,20141212,SAL,0,71_20141212_0_SAL,FALSE,FALSE,2,1,7,1,1,20.96972215,1.022834605,1.3
71,20141212,SAL,0,71_20141212_0_SAL,FALSE,FALSE,3,4,13,4,1,33.03788533,1.788641153,2.2
71,20141212,SAL,0,71_20141212_0_SAL,FALSE,FALSE,4,1,0,0,0,17.44654792,1.389722448,5
71,20141212,SAL,0,71_20141212_0_SAL,FALSE,TRUE,5,4,9,4,1,37.00727363,1.20479567,3.1
71,20141212,SAL,0,71_20141212_0_SAL,FALSE,TRUE,6,2,4,3,1,12.51858372,0.91883909,1
71,20141212,SAL,0,71_20141212_0_SAL,FALSE,FALSE,7,4,1452,4,0,23.79671967,1.189750002,3.7
71,20141212,SAL,0,71_20141212_0_SAL,FALSE,FALSE,8,2,678,0,0,33.13723618,1.83974998,3.9
71,20141212,SAL,0,71_20141212_0_SAL,FALSE,FALSE,9,1,66,0,1,12.850837,1.06929055,1.8
71,20141212,SAL,0,71_20141212_0_SAL,FALSE,TRUE,10,2,0,5,0,28.54686895,1.43475108,4.3
71,20141212,SAL,0,71_20141212_0_SAL,FALSE,FALSE,11,1,0,0,0,7.880304866,2.238535715,3.1
71,20141212,SAL,0,71_20141212_0_SAL,FALSE,TRUE,12,4,0,0,0,23.02541043,1.211316483,2.5
71,20141216,LY,0,71_20141216_0_LY,FALSE,FALSE,1,2,14,6,7,18.80119402,3.136487173,2
71,20141216,LY,0,71_20141216_0_LY,FALSE,TRUE,2,1,37,1,2,25.7678818,1.272613092,4.7
71,20141216,LY,0,71_20141216_0_LY,FALSE,TRUE,3,4,12,0,1,35.59152904,1.597365695,4.5
71,20141216,LY,0,71_20141216_0_LY,FALSE,FALSE,4,1,21,3,1,9.385868634,0.85615882,0.1
71,20141216,LY,0,71_20141216_0_LY,FALSE,FALSE,5,4,6,1,4,46.6822871,1.734839521,5
71,20141216,LY,0,71_20141216_0_LY,FALSE,FALSE,6,2,993,1,0,6.880338208,0.960240637,2.3
71,20141216,LY,0,71_20141216_0_LY,FALSE,FALSE,7,4,8,11,1,39.77595909,1.69850786,2.7
71,20141216,LY,0,71_20141216_0_LY,FALSE,FALSE,8,2,579,0,0,9.260743149,0.844755698,2.5
71,20141216,LY,0,71_20141216_0_LY,FALSE,FALSE,9,1,0,0,1,15.84436359,0.905500186,3.4
71,20141216,LY,0,71_20141216_0_LY,FALSE,TRUE,10,2,0,0,1,28.22940026,1.386814993,1.4
71,20141216,LY,0,71_20141216_0_LY,FALSE,TRUE,11,1,56,2,4,19.54154061,1.046695631,2.8
71,20141216,LY,0,71_20141216_0_LY,FALSE,FALSE,12,4,22,8,1,36.99894444,1.286021628,3.6
72,20141210,LY,0,72_20141210_0_LY,TRUE,FALSE,1,2,4,0,3,26.69877077,1.278546817,1.5
72,20141210,LY,0,72_20141210_0_LY,TRUE,FALSE,2,1,1,0,3,18.14987148,0.911789635,3
72,20141210,LY,0,72_20141210_0_LY,TRUE,FALSE,3,4,5,2,1,45.75013388,1.692074418,3.2
72,20141210,LY,0,72_20141210_0_LY,TRUE,FALSE,4,1,3,0,7,27.41821687,1.125186401,1
72,20141210,LY,0,72_20141210_0_LY,TRUE,FALSE,5,4,1,0,1,22.85444058,1.834420569,3.9
72,20141210,LY,0,72_20141210_0_LY,TRUE,FALSE,6,2,2,0,2,11.79662023,0.966374552,3.6
72,20141210,LY,0,72_20141210_0_LY,TRUE,FALSE,7,4,2,0,1,35.68555474,1.19567993,4.6
72,20141210,LY,0,72_20141210_0_LY,TRUE,FALSE,8,2,2,0,2,20.20547335,1.182735965,4
72,20141210,LY,0,72_20141210_0_LY,TRUE,FALSE,9,1,1,0,1,9.997134895,0.64147668,1.2
72,20141210,LY,0,72_20141210_0_LY,TRUE,FALSE,10,2,0,0,1,10.16646788,1.599228641,3.6
72,20141210,LY,0,72_20141210_0_LY,TRUE,FALSE,11,1,1,1,2,7.291832151,2.672652696,4.5
72,20141210,LY,0,72_20141210_0_LY,TRUE,FALSE,12,4,,2,0,23.93483615,1.433630905,4.7
72,20141212,SAL,0,72_20141212_0_SAL,TRUE,FALSE,1,2,9,1,2,13.82860854,0.900712017,2.9
72,20141212,SAL,0,72_20141212_0_SAL,TRUE,FALSE,2,1,2,0,2,10.56552236,0.826642708,0.7
72,20141212,SAL,0,72_20141212_0_SAL,TRUE,FALSE,3,4,1,3,2,10.59307782,1.261914349,4.6
72,20141212,SAL,0,72_20141212_0_SAL,TRUE,FALSE,4,1,25,4,5,8.546903271,0.539567925,3.8
72,20141212,SAL,0,72_20141212_0_SAL,TRUE,FALSE,5,4,25,0,2,20.21753064,1.136415259,4.3
72,20141212,SAL,0,72_20141212_0_SAL,TRUE,FALSE,6,2,12,2,1,7.039523261,0.776005803,1.9
72,20141212,SAL,0,72_20141212_0_SAL,TRUE,FALSE,7,4,11,0,2,2.308825402,0.450668016,3.4
72,20141212,SAL,0,72_20141212_0_SAL,TRUE,FALSE,8,2,0,6,1,4.818638453,2.035388065,2.9
72,20141212,SAL,0,72_20141212_0_SAL,TRUE,FALSE,9,1,3,0,4,4.807738564,0.505533299,1.3
72,20141212,SAL,0,72_20141212_0_SAL,TRUE,FALSE,10,2,10,0,1,1.751763699,0.322246256,3
72,20141212,SAL,0,72_20141212_0_SAL,TRUE,FALSE,11,1,1,3,1,-4.207338849,0.313607823,2
72,20141212,SAL,0,72_20141212_0_SAL,TRUE,FALSE,12,4,4,0,1,9.997953825,0.919040825,1.8
29,20130227,SAL,1,29_20130227_1_SAL,TRUE,FALSE,1,2,0,2,3,12.82096843,1.132350764,1.5
29,20130227,SAL,1,29_20130227_1_SAL,TRUE,FALSE,2,1,9,0,3,11.13893521,0.746209729,1.5
29,20130227,SAL,1,29_20130227_1_SAL,TRUE,FALSE,3,4,16,3,4,17.85660781,1.996365779,4.2
29,20130227,SAL,1,29_20130227_1_SAL,TRUE,FALSE,4,1,47,1,5,19.42966638,0.699517209,3.7
29,20130227,SAL,1,29_20130227_1_SAL,TRUE,FALSE,5,4,12,4,3,12.34802813,0.796162674,3.2
29,20130227,SAL,1,29_20130227_1_SAL,TRUE,FALSE,6,2,0,6,3,5.893988045,0.606206667,2.3
29,20130227,SAL,1,29_20130227_1_SAL,TRUE,FALSE,7,4,13,3,2,17.82644655,2.206307269,4.3
29,20130227,SAL,1,29_20130227_1_SAL,TRUE,FALSE,8,2,13,1,2,9.86619267,1.286189919,3.3
29,20130227,SAL,1,29_20130227_1_SAL,TRUE,FALSE,9,1,8,2,4,0.434808385,0.281637511,3.6
29,20130227,SAL,1,29_20130227_1_SAL,TRUE,TRUE,10,2,37,3,3,6.910278538,0.67031585,4.6
29,20130227,SAL,1,29_20130227_1_SAL,TRUE,FALSE,11,1,1,6,11,9.001753361,0.533039925,1.3
29,20130227,SAL,1,29_20130227_1_SAL,TRUE,FALSE,12,4,4,1,1,18.73283547,1.66698051,4
29,20130301,LY,1,29_20130301_1_LY,TRUE,FALSE,1,2,10,0,3,15.73670206,1.145328956,1.3
29,20130301,LY,1,29_20130301_1_LY,TRUE,FALSE,2,1,31,2,1,11.83107983,0.731276913,1.8
29,20130301,LY,1,29_20130301_1_LY,TRUE,FALSE,3,4,5,0,4,20.08029133,1.125322722,5
29,20130301,LY,1,29_20130301_1_LY,TRUE,FALSE,4,1,11,0,6,15.2587217,0.867670283,3.6
29,20130301,LY,1,29_20130301_1_LY,TRUE,FALSE,5,4,4,0,1,14.1012614,0.894281058,2.2
29,20130301,LY,1,29_20130301_1_LY,TRUE,FALSE,6,2,0,1,4,15.84449962,0.951318338,2.1
29,20130301,LY,1,29_20130301_1_LY,TRUE,FALSE,7,4,27,1,3,24.45347923,0.976717214,3.8
29,20130301,LY,1,29_20130301_1_LY,TRUE,FALSE,8,2,19,3,4,10.0857503,0.544263148,4.2
29,20130301,LY,1,29_20130301_1_LY,TRUE,FALSE,9,1,29,0,3,14.26550818,0.650449042,4.8
29,20130301,LY,1,29_20130301_1_LY,TRUE,FALSE,10,2,4,2,2,10.32843032,1.353319713,4.9
29,20130301,LY,1,29_20130301_1_LY,TRUE,FALSE,11,1,3,3,1,3.297842618,1.768653907,3
29,20130301,LY,1,29_20130301_1_LY,TRUE,FALSE,12,4,3,0,1,15.67742315,0.805559445,4.6
32,20130227,LY,1,32_20130227_1_LY,TRUE,FALSE,1,2,21,0,2,10.87844929,0.600820129,0.6
32,20130227,LY,1,32_20130227_1_LY,TRUE,FALSE,2,1,4,0,6,9.624231682,0.712117408,1
32,20130227,LY,1,32_20130227_1_LY,TRUE,TRUE,3,4,47,1,3,9.832446434,0.476386271,1.6
32,20130227,LY,1,32_20130227_1_LY,TRUE,FALSE,4,1,3,7,4,20.21695476,0.866622095,1
32,20130227,LY,1,32_20130227_1_LY,TRUE,FALSE,5,4,0,1,1,41.23554484,2.953770772,4.5
32,20130227,LY,1,32_20130227_1_LY,TRUE,FALSE,6,2,32,0,3,36.13541388,1.165472118,3.5
32,20130227,LY,1,32_20130227_1_LY,TRUE,TRUE,7,4,0,2,1,33.49576905,1.315355422,3.3
32,20130227,LY,1,32_20130227_1_LY,TRUE,FALSE,8,2,0,5,3,10.1871134,0.548281114,0.9
32,20130227,LY,1,32_20130227_1_LY,TRUE,FALSE,9,1,35,8,5,7.171037884,0.997431536,3.1
32,20130227,LY,1,32_20130227_1_LY,TRUE,FALSE,10,2,18,2,4,23.09577396,0.942586954,3.9
32,20130227,LY,1,32_20130227_1_LY,TRUE,FALSE,11,1,26,0,4,21.97465135,0.907575932,3
32,20130227,LY,1,32_20130227_1_LY,TRUE,FALSE,12,4,8,1,2,32.4067663,1.794276033,4.4
32,20130301,SAL,1,32_20130301_1_SAL,TRUE,FALSE,1,2,12,2,8,11.08836593,0.556889904,5
32,20130301,SAL,1,32_20130301_1_SAL,TRUE,FALSE,2,1,30,5,1,7.880702024,0.562796598,0.7
32,20130301,SAL,1,32_20130301_1_SAL,TRUE,FALSE,3,4,14,2,7,15.13148627,0.709236813,1.7
32,20130301,SAL,1,32_20130301_1_SAL,TRUE,FALSE,4,1,5,2,6,13.18410914,0.651607998,2.2
32,20130301,SAL,1,32_20130301_1_SAL,TRUE,FALSE,5,4,12,1,2,10.70626384,0.520611707,4.6
32,20130301,SAL,1,32_20130301_1_SAL,TRUE,FALSE,6,2,6,4,4,10.91345519,0.857444755,1.4
32,20130301,SAL,1,32_20130301_1_SAL,TRUE,FALSE,7,4,5,1,5,6.383563001,0.407291752,1.1
32,20130301,SAL,1,32_20130301_1_SAL,TRUE,FALSE,8,2,3,2,6,3.523849961,0.774639391,3.8
32,20130301,SAL,1,32_20130301_1_SAL,TRUE,FALSE,9,1,14,2,2,2.95337015,0.478322273,1.1
32,20130301,SAL,1,32_20130301_1_SAL,TRUE,FALSE,10,2,5,3,6,0.250617102,0.856815359,3.5
32,20130301,SAL,1,32_20130301_1_SAL,TRUE,FALSE,11,1,31,4,2,4.599330089,0.580191732,1.5
32,20130301,SAL,1,32_20130301_1_SAL,TRUE,FALSE,12,4,7,5,1,16.33826906,1.636258168,4.2
34,20130227,LY,1,34_20130227_1_LY,TRUE,FALSE,1,2,12,0,3,7.099426993,0.70779623,1.6
34,20130227,LY,1,34_20130227_1_LY,TRUE,FALSE,2,1,2,0,3,1.648975255,0.813736136,0.7
34,20130227,LY,1,34_20130227_1_LY,TRUE,TRUE,3,4,6,0,9,20.98918377,0.81638525,0.8
34,20130227,LY,1,34_20130227_1_LY,TRUE,FALSE,4,1,1,0,8,11.86453027,0.976519869,1.1
34,20130227,LY,1,34_20130227_1_LY,TRUE,FALSE,5,4,2,0,2,29.77021288,1.62295784,3.4
34,20130227,LY,1,34_20130227_1_LY,TRUE,FALSE,6,2,20,0,11,19.29378635,0.73070861,2.2
34,20130227,LY,1,34_20130227_1_LY,TRUE,FALSE,7,4,20,0,6,36.39999182,1.135326726,4.5
34,20130227,LY,1,34_20130227_1_LY,TRUE,FALSE,8,2,6,0,7,21.82689434,0.901259769,1.2
34,20130227,LY,1,34_20130227_1_LY,TRUE,FALSE,9,1,1,2,3,19.16306289,1.861632035,3.4
34,20130227,LY,1,34_20130227_1_LY,TRUE,FALSE,10,2,1,0,2,25.33727347,1.265678206,4.8
34,20130227,LY,1,34_20130227_1_LY,TRUE,FALSE,11,1,3,1,5,19.96815964,1.752124592,4.1
34,20130227,LY,1,34_20130227_1_LY,TRUE,FALSE,12,4,1,12,1,28.82403709,2.059520259,3.3
34,20130301,SAL,1,34_20130301_1_SAL,TRUE,FALSE,1,2,6,0,2,3.868363344,0.572399915,0.4
34,20130301,SAL,1,34_20130301_1_SAL,TRUE,FALSE,2,1,11,8,1,8.486472808,0.659557286,1.3
34,20130301,SAL,1,34_20130301_1_SAL,TRUE,FALSE,3,4,2,6,1,11.64174528,2.292229218,3.9
34,20130301,SAL,1,34_20130301_1_SAL,TRUE,FALSE,4,1,2,0,2,11.73751552,0.736831285,0.7
34,20130301,SAL,1,34_20130301_1_SAL,TRUE,FALSE,5,4,6,0,1,26.76864341,1.009355867,2.2
34,20130301,SAL,1,34_20130301_1_SAL,TRUE,FALSE,6,2,1,0,2,12.92411385,1.045904213,1
34,20130301,SAL,1,34_20130301_1_SAL,TRUE,FALSE,7,4,1,3,1,32.17133611,1.156478333,4.3
34,20130301,SAL,1,34_20130301_1_SAL,TRUE,FALSE,8,2,3,0,1,26.61637629,1.75900077,4.9
34,20130301,SAL,1,34_20130301_1_SAL,TRUE,FALSE,9,1,3,4,4,15.69161231,1.516028259,4.6
34,20130301,SAL,1,34_20130301_1_SAL,TRUE,FALSE,10,2,0,2,0,15.64599971,1.220854924,2
34,20130301,SAL,1,34_20130301_1_SAL,TRUE,FALSE,11,1,1,3,2,16.63433299,1.027635449,4.4
34,20130301,SAL,1,34_20130301_1_SAL,TRUE,FALSE,12,4,5,4,1,21.92746119,2.376255068,3.6
52,20130911,SAL,1,52_20130911_1_SAL,TRUE,FALSE,1,2,19,0,2,-11.40000941,0.424723125,1
52,20130911,SAL,1,52_20130911_1_SAL,TRUE,FALSE,2,1,13,0,1,-17.54381205,0.090488826,0.9
52,20130911,SAL,1,52_20130911_1_SAL,TRUE,TRUE,3,4,23,0,2,43.25209535,2.440813072,4.5
52,20130911,SAL,1,52_20130911_1_SAL,TRUE,FALSE,4,1,11,1,2,4.115230475,0.520970426,0.7
52,20130911,SAL,1,52_20130911_1_SAL,TRUE,FALSE,5,4,10,0,4,-11.86816665,0.637530892,0.7
52,20130911,SAL,1,52_20130911_1_SAL,TRUE,FALSE,6,2,18,0,2,-18.60801669,0.467340115,0.6
52,20130911,SAL,1,52_20130911_1_SAL,TRUE,FALSE,7,4,18,0,2,6.964397412,0.577061318,3.7
52,20130911,SAL,1,52_20130911_1_SAL,TRUE,FALSE,8,2,16,0,2,-8.365862088,0.926491289,3.5
52,20130911,SAL,1,52_20130911_1_SAL,TRUE,FALSE,9,1,46,3,3,-15.57962489,0.264483774,1.5
52,20130911,SAL,1,52_20130911_1_SAL,TRUE,FALSE,10,2,5,1,1,-8.307563671,0.367204376,3.7
52,20130911,SAL,1,52_20130911_1_SAL,TRUE,FALSE,11,1,20,2,1,0.808666287,0.33752794,3.8
52,20130911,SAL,1,52_20130911_1_SAL,TRUE,FALSE,12,4,10,0,1,5.824192749,0.623746776,2.9
52,20130913,LY,1,52_20130913_1_LY,TRUE,FALSE,1,2,2,2,7,10.57827538,0.56351057,5
52,20130913,LY,1,52_20130913_1_LY,TRUE,FALSE,2,1,627,0,0,-4.610418781,0.177452676,0.6
52,20130913,LY,1,52_20130913_1_LY,TRUE,FALSE,3,4,21,0,1,10.87151808,0.88962621,4
52,20130913,LY,1,52_20130913_1_LY,TRUE,FALSE,4,1,399,0,0,3.468631573,0.482942456,4.4
52,20130913,LY,1,52_20130913_1_LY,TRUE,FALSE,5,4,3,6,1,-5.633836422,0.071812597,1.6
52,20130913,LY,1,52_20130913_1_LY,TRUE,FALSE,6,2,16,4,9,-1.576943975,0.44637679,2.6
52,20130913,LY,1,52_20130913_1_LY,TRUE,FALSE,7,4,4,1,7,6.119783561,0.412745029,3.1
52,20130913,LY,1,52_20130913_1_LY,TRUE,FALSE,8,2,0,8,4,1.707031964,0.204698746,3.9
52,20130913,LY,1,52_20130913_1_LY,TRUE,FALSE,9,1,3,8,6,12.44165157,0.504466811,0.9
52,20130913,LY,1,52_20130913_1_LY,TRUE,FALSE,10,2,1,1,5,-2.952458902,0.335072341,3.3
52,20130913,LY,1,52_20130913_1_LY,TRUE,FALSE,11,1,2,3,6,2.93867193,0.615377354,4.3
52,20130913,LY,1,52_20130913_1_LY,TRUE,FALSE,12,4,4,2,1,9.755584105,0.4909545,4.7
54,20140617,LY,1,54_20140617_1_LY,TRUE,FALSE,1,2,48,0,1,1.278425978,0.554618606,1.1
54,20140617,LY,1,54_20140617_1_LY,TRUE,FALSE,2,1,3,0,5,10.84738895,1.231222295,3.6
54,20140617,LY,1,54_20140617_1_LY,TRUE,FALSE,3,4,5,1,1,6.646217711,0.705381761,0.6
54,20140617,LY,1,54_20140617_1_LY,TRUE,FALSE,4,1,45,0,3,7.995830012,0.46680072,2.5
54,20140617,LY,1,54_20140617_1_LY,TRUE,FALSE,5,4,11,1,3,8.340903704,0.890546071,2.7
54,20140617,LY,1,54_20140617_1_LY,TRUE,FALSE,6,2,0,4,0,4.31698691,1.082747474,1.5
54,20140617,LY,1,54_20140617_1_LY,TRUE,FALSE,7,4,5,2,2,20.80085814,3.768313357,4.3
54,20140617,LY,1,54_20140617_1_LY,TRUE,FALSE,8,2,3,6,2,3.110466302,0.760645834,0.7
54,20140617,LY,1,54_20140617_1_LY,TRUE,FALSE,9,1,6,4,4,0.406201815,0.855462142,0.9
54,20140617,LY,1,54_20140617_1_LY,TRUE,FALSE,10,2,0,2,1,-0.866346505,0.707550702,0.8
54,20140617,LY,1,54_20140617_1_LY,TRUE,FALSE,11,1,0,6,0,-8.320455394,0.662929182,0.7
54,20140617,LY,1,54_20140617_1_LY,TRUE,FALSE,12,4,2,3,1,19.47048765,1.680607731,0.8
54,20140619,SAL,1,54_20140619_1_SAL,TRUE,TRUE,1,2,21,1,1,25.11705766,1.526043792,2.6
54,20140619,SAL,1,54_20140619_1_SAL,TRUE,TRUE,2,1,6,1,4,22.5783699,1.517688778,1.4
54,20140619,SAL,1,54_20140619_1_SAL,TRUE,FALSE,3,4,7,3,1,52.32362799,2.369344154,2
54,20140619,SAL,1,54_20140619_1_SAL,TRUE,FALSE,4,1,11,1,3,18.09382871,0.934573851,1.6
54,20140619,SAL,1,54_20140619_1_SAL,TRUE,FALSE,5,4,2,2,1,23.70102788,1.248242001,0.7
54,20140619,SAL,1,54_20140619_1_SAL,TRUE,FALSE,6,2,4,2,1,2.206071926,0.747935199,3.6
54,20140619,SAL,1,54_20140619_1_SAL,TRUE,FALSE,7,4,10,5,2,13.90914145,0.95304001,1.9
54,20140619,SAL,1,54_20140619_1_SAL,TRUE,FALSE,8,2,6,5,3,7.419418557,1.235733254,0.6
54,20140619,SAL,1,54_20140619_1_SAL,TRUE,FALSE,9,1,24,2,4,21.53069953,1.09345633,3.4
54,20140619,SAL,1,54_20140619_1_SAL,TRUE,FALSE,10,2,7,2,2,27.44252702,1.515968187,3.8
54,20140619,SAL,1,54_20140619_1_SAL,TRUE,FALSE,11,1,21,2,3,17.60988534,1.009180366,1.7
54,20140619,SAL,1,54_20140619_1_SAL,TRUE,FALSE,12,4,5,1,1,20.51100459,1.16983,4.5
55,20140617,SAL,1,55_20140617_1_SAL,TRUE,TRUE,1,2,13,0,2,8.221179254,0.72111038,2.7
55,20140617,SAL,1,55_20140617_1_SAL,TRUE,FALSE,2,1,6,1,3,12.53045187,0.854860941,0.5
55,20140617,SAL,1,55_20140617_1_SAL,TRUE,FALSE,3,4,13,2,4,22.95642239,1.739591005,3.3
55,20140617,SAL,1,55_20140617_1_SAL,TRUE,TRUE,4,1,20,0,4,-10.4057164,0.090276036,2.1
55,20140617,SAL,1,55_20140617_1_SAL,TRUE,FALSE,5,4,6,0,4,37.24169091,2.393507059,3.9
55,20140617,SAL,1,55_20140617_1_SAL,TRUE,FALSE,6,2,6,0,3,12.17334104,1.280423499,4.2
55,20140617,SAL,1,55_20140617_1_SAL,TRUE,FALSE,7,4,0,1,3,32.51917369,1.431847302,3.1
55,20140617,SAL,1,55_20140617_1_SAL,TRUE,FALSE,8,2,17,3,2,6.199264338,0.563965015,4.3
55,20140617,SAL,1,55_20140617_1_SAL,TRUE,FALSE,9,1,4,1,2,6.778588828,1.310731568,0.9
55,20140617,SAL,1,55_20140617_1_SAL,TRUE,FALSE,10,2,23,1,3,14.77352323,1.617968744,4
55,20140617,SAL,1,55_20140617_1_SAL,TRUE,FALSE,11,1,14,3,3,12.36087347,0.744929606,4.1
55,20140617,SAL,1,55_20140617_1_SAL,TRUE,FALSE,12,4,4,3,1,31.12653559,1.828717175,3.8
55,20140619,LY,1,55_20140619_1_LY,TRUE,FALSE,1,2,12,0,4,36.90475194,1.852214094,4.6
55,20140619,LY,1,55_20140619_1_LY,TRUE,FALSE,2,1,30,0,2,12.0556143,0.839935227,0.6
55,20140619,LY,1,55_20140619_1_LY,TRUE,TRUE,3,4,10,0,3,53.8894852,2.690242554,3.8
55,20140619,LY,1,55_20140619_1_LY,TRUE,FALSE,4,1,17,2,3,15.44313539,0.68716241,0.6
55,20140619,LY,1,55_20140619_1_LY,TRUE,TRUE,5,4,9,0,2,40.01433572,1.833796871,2.5
55,20140619,LY,1,55_20140619_1_LY,TRUE,FALSE,6,2,27,2,2,21.49722044,0.89286809,3.2
55,20140619,LY,1,55_20140619_1_LY,TRUE,FALSE,7,4,14,0,2,28.04798465,1.149320993,1.7
55,20140619,LY,1,55_20140619_1_LY,TRUE,TRUE,8,2,6,0,6,9.624970345,0.757429606,1.2
55,20140619,LY,1,55_20140619_1_LY,TRUE,FALSE,9,1,4,0,3,20.84131524,0.846371156,1.2
55,20140619,LY,1,55_20140619_1_LY,TRUE,FALSE,10,2,4,0,2,19.25181275,1.73069081,2.6
55,20140619,LY,1,55_20140619_1_LY,TRUE,FALSE,11,1,2,0,3,-6.558925008,0.890011554,1.1
55,20140619,LY,1,55_20140619_1_LY,TRUE,FALSE,12,4,3,0,1,28.3269546,1.230219696,3.4
56,20140617,LY,1,56_20140617_1_LY,FALSE,FALSE,1,2,10,0,4,-4.376080993,0.565535391,4.1
56,20140617,LY,1,56_20140617_1_LY,FALSE,FALSE,2,1,5,2,2,6.608656286,0.584695317,4
56,20140617,LY,1,56_20140617_1_LY,FALSE,FALSE,3,4,8,1,5,-9.63517188,0.245528719,1.7
56,20140617,LY,1,56_20140617_1_LY,FALSE,FALSE,4,1,4,0,5,5.985622001,0.963259452,3.9
56,20140617,LY,1,56_20140617_1_LY,FALSE,FALSE,5,4,25,2,5,-0.918963374,0.313356484,4.8
56,20140617,LY,1,56_20140617_1_LY,FALSE,FALSE,6,2,2,3,5,0.416651776,0.664678938,3.8
56,20140617,LY,1,56_20140617_1_LY,FALSE,FALSE,7,4,5,1,5,-18.43410645,0.225386838,3.7
56,20140617,LY,1,56_20140617_1_LY,FALSE,FALSE,8,2,6,0,5,8.332446831,0.995280925,3.9
56,20140617,LY,1,56_20140617_1_LY,FALSE,FALSE,9,1,3,0,4,-10.8702525,0.230000128,0.8
56,20140617,LY,1,56_20140617_1_LY,FALSE,FALSE,10,2,7,0,4,7.596660324,0.687989986,3.1
56,20140617,LY,1,56_20140617_1_LY,FALSE,FALSE,11,1,0,1,1,11.78519213,0.579964128,4.5
56,20140617,LY,1,56_20140617_1_LY,FALSE,FALSE,12,4,3,0,1,3.610197085,1.075932024,3.5
56,20140619,SAL,1,56_20140619_1_SAL,FALSE,FALSE,1,2,8,0,4,1.092224287,0.50249629,3
56,20140619,SAL,1,56_20140619_1_SAL,FALSE,FALSE,2,1,0,3,5,0.22439602,0.253884211,3.5
56,20140619,SAL,1,56_20140619_1_SAL,FALSE,FALSE,3,4,0,2,2,11.57050527,0.677751172,2
56,20140619,SAL,1,56_20140619_1_SAL,FALSE,FALSE,4,1,1,7,6,10.98832264,0.62970611,1.3
56,20140619,SAL,1,56_20140619_1_SAL,FALSE,FALSE,5,4,16,0,3,11.68589308,0.589098641,2.3
56,20140619,SAL,1,56_20140619_1_SAL,FALSE,FALSE,6,2,6,0,1,4.312084535,0.479121115,1.4
56,20140619,SAL,1,56_20140619_1_SAL,FALSE,FALSE,7,4,10,2,2,12.4479709,0.796423107,4.9
56,20140619,SAL,1,56_20140619_1_SAL,FALSE,FALSE,8,2,14,3,2,14.26369465,1.591170477,4.4
56,20140619,SAL,1,56_20140619_1_SAL,FALSE,FALSE,9,1,6,3,3,6.459783161,0.410673708,2.5
56,20140619,SAL,1,56_20140619_1_SAL,FALSE,FALSE,10,2,9,0,2,7.987803917,0.486513446,3.7
56,20140619,SAL,1,56_20140619_1_SAL,FALSE,FALSE,11,1,9,3,2,1.13458161,0.246552339,0.7
56,20140619,SAL,1,56_20140619_1_SAL,FALSE,FALSE,12,4,0,4,0,14.21126837,1.037442017,4.2
57,20140618,SAL,1,57_20140618_1_SAL,TRUE,FALSE,1,2,12,0,3,5.490913128,0.452149052,1.5
57,20140618,SAL,1,57_20140618_1_SAL,TRUE,FALSE,2,1,4,0,3,10.70898246,0.737977667,4.7
57,20140618,SAL,1,57_20140618_1_SAL,TRUE,FALSE,3,4,62,0,1,5.355569171,0.438930606,2.4
57,20140618,SAL,1,57_20140618_1_SAL,TRUE,FALSE,4,1,24,0,4,3.150996775,0.340881288,1.5
57,20140618,SAL,1,57_20140618_1_SAL,TRUE,FALSE,5,4,6,0,3,6.13376008,0.536228306,3.4
57,20140618,SAL,1,57_20140618_1_SAL,TRUE,FALSE,6,2,0,0,1,9.162819592,1.343590707,3
57,20140618,SAL,1,57_20140618_1_SAL,TRUE,FALSE,7,4,11,0,4,6.555447764,1.209281405,4.5
57,20140618,SAL,1,57_20140618_1_SAL,TRUE,FALSE,8,2,7,4,9,11.53647089,0.704013985,1.4
57,20140618,SAL,1,57_20140618_1_SAL,TRUE,FALSE,9,1,4,3,5,10.92710387,1.029914097,4.3
57,20140618,SAL,1,57_20140618_1_SAL,TRUE,FALSE,10,2,10,6,5,14.44016267,0.853397459,3.2
57,20140618,SAL,1,57_20140618_1_SAL,TRUE,FALSE,11,1,9,9,5,8.776726285,0.66886286,2.2
57,20140618,SAL,1,57_20140618_1_SAL,TRUE,FALSE,12,4,10,0,1,9.150792621,1.415585988,1.7
57,20140620,LY,1,57_20140620_1_LY,TRUE,FALSE,1,2,2,3,5,18.83826653,1.232955625,1
57,20140620,LY,1,57_20140620_1_LY,TRUE,FALSE,2,1,3,3,6,22.81706018,1.055335827,2.6
57,20140620,LY,1,57_20140620_1_LY,TRUE,FALSE,3,4,0,7,2,30.89985922,1.513726256,4.1
57,20140620,LY,1,57_20140620_1_LY,TRUE,TRUE,4,1,12,0,5,24.32173281,1.106639367,2.1
57,20140620,LY,1,57_20140620_1_LY,TRUE,FALSE,5,4,0,7,2,78.2302621,2.713118318,2.1
57,20140620,LY,1,57_20140620_1_LY,TRUE,FALSE,6,2,12,7,4,32.42439047,1.531204919,1.8
57,20140620,LY,1,57_20140620_1_LY,TRUE,FALSE,7,4,17,5,3,26.22804659,1.536469424,2.3
57,20140620,LY,1,57_20140620_1_LY,TRUE,FALSE,8,2,3,0,5,27.56136499,1.052283927,4.1
57,20140620,LY,1,57_20140620_1_LY,TRUE,FALSE,9,1,0,5,6,23.51558086,1.169864657,0.7
57,20140620,LY,1,57_20140620_1_LY,TRUE,FALSE,10,2,3,2,1,43.22600191,1.320837383,4.2
57,20140620,LY,1,57_20140620_1_LY,TRUE,FALSE,11,1,0,8,1,15.53601079,1.461126058,2.9
57,20140620,LY,1,57_20140620_1_LY,TRUE,TRUE,12,4,4,6,1,13.84505822,1.052940023,3.5
58,20140618,LY,1,58_20140618_1_LY,FALSE,FALSE,1,2,6,0,5,0.352594746,0.915907546,1.5
58,20140618,LY,1,58_20140618_1_LY,FALSE,FALSE,2,1,4,2,3,32.20230523,1.225497075,1.6
58,20140618,LY,1,58_20140618_1_LY,FALSE,TRUE,3,4,21,3,1,27.9794435,1.283268038,3
58,20140618,LY,1,58_20140618_1_LY,FALSE,FALSE,4,1,52,0,2,6.478220905,0.707768187,1.5
58,20140618,LY,1,58_20140618_1_LY,FALSE,TRUE,5,4,3,0,2,11.68950808,1.015088423,3.7
58,20140618,LY,1,58_20140618_1_LY,FALSE,FALSE,6,2,7,2,5,32.11113279,1.206852192,3.9
58,20140618,LY,1,58_20140618_1_LY,FALSE,FALSE,7,4,15,2,1,32.11014903,1.346847839,2.3
58,20140618,LY,1,58_20140618_1_LY,FALSE,FALSE,8,2,3,2,4,-0.961231972,0.5202619,0.8
58,20140618,LY,1,58_20140618_1_LY,FALSE,FALSE,9,1,31,4,3,6.477254828,1.134140342,3.4
58,20140618,LY,1,58_20140618_1_LY,FALSE,FALSE,10,2,2,1,5,18.30223909,0.886619445,3.7
58,20140618,LY,1,58_20140618_1_LY,FALSE,FALSE,11,1,1,0,4,5.613662403,0.553753549,4.1
58,20140618,LY,1,58_20140618_1_LY,FALSE,FALSE,12,4,6,3,1,13.14395301,0.843625668,3.8
58,20140620,SAL,1,58_20140620_1_SAL,FALSE,TRUE,1,2,28,3,1,-8.339855659,0.36568699,3.3
58,20140620,SAL,1,58_20140620_1_SAL,FALSE,FALSE,2,1,3,1,4,0.00354842,0.636660152,3.5
58,20140620,SAL,1,58_20140620_1_SAL,FALSE,TRUE,3,4,10,1,2,-1.717561938,0.244743474,2.7
58,20140620,SAL,1,58_20140620_1_SAL,FALSE,FALSE,4,1,2,5,1,2.368106882,1.003142343,4.1
58,20140620,SAL,1,58_20140620_1_SAL,FALSE,TRUE,5,4,3,2,1,1.406013258,0.807093015,4.4
58,20140620,SAL,1,58_20140620_1_SAL,FALSE,TRUE,6,2,5,2,1,8.14975005,0.993178013,2.7
58,20140620,SAL,1,58_20140620_1_SAL,FALSE,TRUE,7,4,2,4,3,17.32493337,2.063392056,5
58,20140620,SAL,1,58_20140620_1_SAL,FALSE,FALSE,8,2,0,5,0,-0.208161042,0.98897259,4.2
58,20140620,SAL,1,58_20140620_1_SAL,FALSE,FALSE,9,1,0,1,2,12.88929766,1.370076556,4.7
58,20140620,SAL,1,58_20140620_1_SAL,FALSE,FALSE,10,2,5,1,6,-21.15374057,0.738466552,3.3
58,20140620,SAL,1,58_20140620_1_SAL,FALSE,FALSE,11,1,0,6,0,-0.107919456,0.504666387,3.5
58,20140620,SAL,1,58_20140620_1_SAL,FALSE,TRUE,12,4,0,4,0,1.911062322,1.102252723,4.4
69,20141209,LY,1,69_20141209_1_LY,TRUE,FALSE,1,2,14,0,2,22.01106006,0.760711166,3.8
69,20141209,LY,1,69_20141209_1_LY,TRUE,FALSE,2,1,4,8,2,17.92818509,0.73536072,2.1
69,20141209,LY,1,69_20141209_1_LY,TRUE,FALSE,3,4,6,0,1,21.95178183,1.00951832,3.2
69,20141209,LY,1,69_20141209_1_LY,TRUE,FALSE,4,1,1,3,2,5.122655077,0.454466496,1.4
69,20141209,LY,1,69_20141209_1_LY,TRUE,FALSE,5,4,2,3,1,14.14264243,0.940503607,4.6
69,20141209,LY,1,69_20141209_1_LY,TRUE,FALSE,6,2,1,2,1,24.62094871,0.787772814,4.3
69,20141209,LY,1,69_20141209_1_LY,TRUE,FALSE,7,4,4,3,1,22.04036957,1.462323421,4.7
69,20141209,LY,1,69_20141209_1_LY,TRUE,FALSE,8,2,150,6,0,4.225437589,0.710618235,0.7
69,20141209,LY,1,69_20141209_1_LY,TRUE,FALSE,9,1,3,8,2,8.013291358,0.399919553,2.2
69,20141209,LY,1,69_20141209_1_LY,TRUE,FALSE,10,2,6,3,1,16.94819869,1.242029833,4.5
69,20141209,LY,1,69_20141209_1_LY,TRUE,FALSE,11,1,4,5,1,7.506563471,0.649479074,1.7
69,20141209,LY,1,69_20141209_1_LY,TRUE,FALSE,12,4,4,3,1,19.74041638,0.977651496,3.8
69,20141211,SAL,1,69_20141211_1_SAL,TRUE,FALSE,1,2,0,3,1,5.968406598,0.813151141,4.7
69,20141211,SAL,1,69_20141211_1_SAL,TRUE,FALSE,2,1,2,2,1,-1.010282922,0.63397108,4.3
69,20141211,SAL,1,69_20141211_1_SAL,TRUE,FALSE,3,4,0,3,0,15.47232667,1.396099605,3.9
69,20141211,SAL,1,69_20141211_1_SAL,TRUE,FALSE,4,1,0,3,0,-4.126396638,2.39649101,0.7
69,20141211,SAL,1,69_20141211_1_SAL,TRUE,TRUE,5,4,5,5,1,12.49750722,0.808483399,2.7
69,20141211,SAL,1,69_20141211_1_SAL,TRUE,FALSE,6,2,0,3,0,8.352193859,0.766343565,4.5
69,20141211,SAL,1,69_20141211_1_SAL,TRUE,FALSE,7,4,15,3,1,-0.900243757,0.547442466,4.6
69,20141211,SAL,1,69_20141211_1_SAL,TRUE,FALSE,8,2,16,4,1,12.74008202,0.592430457,2.5
69,20141211,SAL,1,69_20141211_1_SAL,TRUE,FALSE,9,1,9,1,1,-1.318203292,0.327318206,0.8
69,20141211,SAL,1,69_20141211_1_SAL,TRUE,FALSE,10,2,8,5,3,0.042575906,0.344027303,1
69,20141211,SAL,1,69_20141211_1_SAL,TRUE,FALSE,11,1,0,2,1,-4.036488053,0.483042844,1.5
69,20141211,SAL,1,69_20141211_1_SAL,TRUE,FALSE,12,4,10,1,1,7.30851891,0.684685877,2.4
71,20141212,SAL,1,71_20141212_1_SAL,FALSE,FALSE,1,2,5,0,2,9.735897903,0.599099511,1.1
71,20141212,SAL,1,71_20141212_1_SAL,FALSE,FALSE,2,1,7,1,1,1.445414405,0.4870572,1.7
71,20141212,SAL,1,71_20141212_1_SAL,FALSE,TRUE,3,4,13,4,1,-1.14687822,0.826246186,2.2
71,20141212,SAL,1,71_20141212_1_SAL,FALSE,FALSE,4,1,0,0,0,6.232647889,0.903956182,5
71,20141212,SAL,1,71_20141212_1_SAL,FALSE,TRUE,5,4,9,4,1,3.19627643,0.596977367,4
71,20141212,SAL,1,71_20141212_1_SAL,FALSE,TRUE,6,2,4,3,1,-7.604145992,0.801284175,3.3
71,20141212,SAL,1,71_20141212_1_SAL,FALSE,TRUE,7,4,1452,4,0,6.043657893,0.862069627,4.5
71,20141212,SAL,1,71_20141212_1_SAL,FALSE,TRUE,8,2,678,0,0,17.69773839,1.373554201,3.9
71,20141212,SAL,1,71_20141212_1_SAL,FALSE,FALSE,9,1,66,0,1,-6.969544249,0.26566549,0.6
71,20141212,SAL,1,71_20141212_1_SAL,FALSE,TRUE,10,2,0,5,0,11.61599642,1.193635947,4.3
71,20141212,SAL,1,71_20141212_1_SAL,FALSE,FALSE,11,1,0,0,0,2.071467478,2.046606821,3.1
71,20141212,SAL,1,71_20141212_1_SAL,FALSE,TRUE,12,4,0,0,0,0.819896355,0.823798742,3.7
71,20141216,LY,1,71_20141216_1_LY,FALSE,TRUE,1,2,14,6,7,-39.63530379,0.144678808,2.7
71,20141216,LY,1,71_20141216_1_LY,FALSE,TRUE,2,1,37,1,2,7.224766181,0.72509066,4.7
71,20141216,LY,1,71_20141216_1_LY,FALSE,TRUE,3,4,12,0,1,-20.16981467,0.122198033,0.4
71,20141216,LY,1,71_20141216_1_LY,FALSE,FALSE,4,1,21,3,1,6.893480863,0.930114049,0.1
71,20141216,LY,1,71_20141216_1_LY,FALSE,TRUE,5,4,6,1,4,-28.76882197,0.360393354,4.5
71,20141216,LY,1,71_20141216_1_LY,FALSE,FALSE,6,2,993,1,0,7.122735305,0.920837063,4.2
71,20141216,LY,1,71_20141216_1_LY,FALSE,TRUE,7,4,8,11,1,7.058256028,0.941180542,4.5
71,20141216,LY,1,71_20141216_1_LY,FALSE,TRUE,8,2,579,0,0,-20.38538618,0.315187666,0.7
71,20141216,LY,1,71_20141216_1_LY,FALSE,TRUE,9,1,0,0,1,-46.07516761,1.625037953,2.4
71,20141216,LY,1,71_20141216_1_LY,FALSE,TRUE,10,2,0,0,1,-7.820198703,0.940381877,1.2
71,20141216,LY,1,71_20141216_1_LY,FALSE,TRUE,11,1,56,2,4,1.320925389,1.140619053,3.6
71,20141216,LY,1,71_20141216_1_LY,FALSE,TRUE,12,4,22,8,1,-53.07054942,-0.44396843,3.2
72,20141210,LY,1,72_20141210_1_LY,TRUE,FALSE,1,2,4,0,3,28.42176727,1.013679543,4.3
72,20141210,LY,1,72_20141210_1_LY,TRUE,FALSE,2,1,1,0,3,13.49972433,1.210878371,0.9
72,20141210,LY,1,72_20141210_1_LY,TRUE,FALSE,3,4,5,2,1,49.55846876,2.082524781,4.3
72,20141210,LY,1,72_20141210_1_LY,TRUE,FALSE,4,1,3,0,7,17.06467078,0.902927722,4.1
72,20141210,LY,1,72_20141210_1_LY,TRUE,FALSE,5,4,1,0,1,24.63478306,1.514928227,3.8
72,20141210,LY,1,72_20141210_1_LY,TRUE,FALSE,6,2,2,0,2,18.38962278,0.93724016,2.1
72,20141210,LY,1,72_20141210_1_LY,TRUE,FALSE,7,4,2,0,1,26.18812749,1.087714925,4
72,20141210,LY,1,72_20141210_1_LY,TRUE,FALSE,8,2,2,0,2,18.74094754,0.955162594,1.7
72,20141210,LY,1,72_20141210_1_LY,TRUE,FALSE,9,1,1,0,1,9.521828913,0.678947011,1.2
72,20141210,LY,1,72_20141210_1_LY,TRUE,FALSE,10,2,0,0,1,3.6491582,2.16012333,3.6
72,20141210,LY,1,72_20141210_1_LY,TRUE,FALSE,11,1,1,1,2,11.73961147,1.868856037,4.5
72,20141210,LY,1,72_20141210_1_LY,TRUE,FALSE,12,4,,2,0,26.16541071,1.398001235,2.6
72,20141212,SAL,1,72_20141212_1_SAL,TRUE,FALSE,1,2,9,1,2,9.496384759,0.623157098,2.9
72,20141212,SAL,1,72_20141212_1_SAL,TRUE,FALSE,2,1,2,0,2,11.64552058,0.970121181,0.7
72,20141212,SAL,1,72_20141212_1_SAL,TRUE,FALSE,3,4,1,3,2,15.91549556,1.430129306,4.3
72,20141212,SAL,1,72_20141212_1_SAL,TRUE,FALSE,4,1,25,4,5,5.385177325,0.330590313,0.7
72,20141212,SAL,1,72_20141212_1_SAL,TRUE,FALSE,5,4,25,0,2,18.24063834,0.903111527,4.6
72,20141212,SAL,1,72_20141212_1_SAL,TRUE,FALSE,6,2,12,2,1,6.370671968,0.675889101,1.9
72,20141212,SAL,1,72_20141212_1_SAL,TRUE,FALSE,7,4,11,0,2,7.123850337,1.038678871,4.5
72,20141212,SAL,1,72_20141212_1_SAL,TRUE,FALSE,8,2,0,6,1,10.27115825,1.960362471,2.9
72,20141212,SAL,1,72_20141212_1_SAL,TRUE,FALSE,9,1,3,0,4,0.309126617,0.431352804,0.9
72,20141212,SAL,1,72_20141212_1_SAL,TRUE,FALSE,10,2,10,0,1,7.601120013,0.473693643,2.3
72,20141212,SAL,1,72_20141212_1_SAL,TRUE,FALSE,11,1,1,3,1,5.210484016,0.475057527,0.9
72,20141212,SAL,1,72_20141212_1_SAL,TRUE,FALSE,12,4,4,0,1,8.505644725,0.730096449,3.9
